CustomerID,Segment_Label,Recency,Frequency,Monetary,AvgOrderValue,Tenure,AvgGapDays,Churn_Probability,Churn_Prediction,Risk_Tier,Recommended_Action
15766,Promising,63,3,831.0600000000001,277.02000000000004,681,308.5,0.6745148301124573,1.0,High,Urgent Re-engage: 20% discount coupon + highlight new arrivals
17172,At Risk,78,3,956.5699999999999,318.8566666666666,726,323.5,0.6745148301124573,1.0,High,Recovery: Time-limited 30% win-back discount + feedback survey
15243,Promising,73,2,927.28,463.64,434,360.0,0.6745148301124573,1.0,High,Urgent Re-engage: 20% discount coupon + highlight new arrivals
16715,Promising,77,2,625.52,312.76,562,484.0,0.6693094968795776,1.0,High,Urgent Re-engage: 20% discount coupon + highlight new arrivals
12519,Promising,63,2,726.5400000000001,363.27000000000004,476,413.0,0.6693094968795776,1.0,High,Urgent Re-engage: 20% discount coupon + highlight new arrivals
13441,Promising,91,2,720.9,360.45,431,339.0,0.6687624454498291,1.0,High,Urgent Re-engage: 20% discount coupon + highlight new arrivals
17433,Promising,87,2,569.96,284.98,384,297.0,0.6687624454498291,1.0,High,Urgent Re-engage: 20% discount coupon + highlight new arrivals
16641,Lost Customers,105,2,554.5,277.25,701,596.0,0.6684665679931641,1.0,High,Last Chance: Final win-back email + maximum discount
17070,Lost Customers,113,2,445.32,222.66,409,296.0,0.6678852438926697,1.0,High,Last Chance: Final win-back email + maximum discount
17248,Lost Customers,119,2,546.16,273.08,481,361.0,0.6678852438926697,1.0,High,Last Chance: Final win-back email + maximum discount
13927,Promising,74,2,708.26,354.13,436,362.0,0.6675500869750977,1.0,High,Urgent Re-engage: 20% discount coupon + highlight new arrivals
14079,Lost Customers,124,2,618.73,309.365,681,557.0,0.6675500869750977,1.0,High,Last Chance: Final win-back email + maximum discount
13177,Promising,64,2,512.2,256.1,430,365.0,0.6670376658439636,1.0,High,Urgent Re-engage: 20% discount coupon + highlight new arrivals
15396,At Risk,112,2,796.3800000000001,398.19000000000005,583,471.0,0.6670376658439636,1.0,High,Recovery: Time-limited 30% win-back discount + feedback survey
14908,Promising,73,2,381.90000000000003,190.95000000000002,462,388.0,0.6670376658439636,1.0,High,Urgent Re-engage: 20% discount coupon + highlight new arrivals
13359,Promising,63,2,1043.31,521.655,402,339.0,0.6666738986968994,1.0,High,Urgent Re-engage: 20% discount coupon + highlight new arrivals
16527,At Risk,80,2,1272.44,636.22,423,343.0,0.6661471128463745,1.0,High,Recovery: Time-limited 30% win-back discount + feedback survey
15313,Lost Customers,109,1,52.0,52.0,109,,0.6660829782485962,1.0,High,Last Chance: Final win-back email + maximum discount
13218,Lost Customers,126,1,62.64,62.64,126,,0.6660829782485962,1.0,High,Last Chance: Final win-back email + maximum discount
17747,Lost Customers,112,1,71.4,71.4,112,,0.6660829782485962,1.0,High,Last Chance: Final win-back email + maximum discount
13130,Lost Customers,93,1,64.0,64.0,93,,0.6660829782485962,1.0,High,Last Chance: Final win-back email + maximum discount
17844,Lost Customers,106,1,51.559999999999995,51.559999999999995,106,,0.6660829782485962,1.0,High,Last Chance: Final win-back email + maximum discount
15659,Promising,43,3,532.49,177.49666666666667,652,304.0,0.6656137704849243,1.0,High,Urgent Re-engage: 20% discount coupon + highlight new arrivals
16648,Promising,42,3,672.8000000000001,224.26666666666668,589,273.0,0.6656137704849243,1.0,High,Urgent Re-engage: 20% discount coupon + highlight new arrivals
13897,Promising,49,3,1160.72,386.9066666666667,676,313.0,0.6656137704849243,1.0,High,Urgent Re-engage: 20% discount coupon + highlight new arrivals
15597,Promising,34,2,563.37,281.685,574,540.0,0.6656137704849243,1.0,High,Urgent Re-engage: 20% discount coupon + highlight new arrivals
13904,Promising,36,2,332.64,166.32,294,257.0,0.6656137704849243,1.0,High,Urgent Re-engage: 20% discount coupon + highlight new arrivals
15385,Promising,39,3,942.0799999999999,314.02666666666664,676,318.0,0.6656137704849243,1.0,High,Urgent Re-engage: 20% discount coupon + highlight new arrivals
17674,Promising,73,2,551.04,275.52,368,294.0,0.6645600199699402,1.0,High,Urgent Re-engage: 20% discount coupon + highlight new arrivals
15012,Promising,53,3,669.56,223.18666666666664,576,261.0,0.6632132530212402,1.0,High,Urgent Re-engage: 20% discount coupon + highlight new arrivals
14537,Promising,57,2,641.4,320.7,622,565.0,0.6622891426086426,1.0,High,Urgent Re-engage: 20% discount coupon + highlight new arrivals
14171,Lost Customers,97,2,498.79,249.395,729,632.0,0.6622891426086426,1.0,High,Last Chance: Final win-back email + maximum discount
16978,At Risk,77,3,768.88,256.29333333333335,665,294.0,0.6617363691329956,1.0,High,Recovery: Time-limited 30% win-back discount + feedback survey
16413,Promising,56,2,528.98,264.49,375,318.0,0.661619246006012,1.0,High,Urgent Re-engage: 20% discount coupon + highlight new arrivals
17403,Promising,35,2,400.57,200.285,450,414.0,0.6612123847007751,1.0,High,Urgent Re-engage: 20% discount coupon + highlight new arrivals
16601,Promising,40,3,684.25,228.08333333333334,622,290.5,0.6603142023086548,1.0,High,Urgent Re-engage: 20% discount coupon + highlight new arrivals
13103,Promising,39,3,709.6400000000001,236.5466666666667,576,268.0,0.6603142023086548,1.0,High,Urgent Re-engage: 20% discount coupon + highlight new arrivals
17628,Lost Customers,80,1,75.75,75.75,80,,0.6592522859573364,1.0,High,Last Chance: Final win-back email + maximum discount
16171,Lost Customers,58,1,73.19999999999999,73.19999999999999,58,,0.6592522859573364,1.0,High,Last Chance: Final win-back email + maximum discount
13095,Lost Customers,70,1,74.39999999999999,74.39999999999999,70,,0.6592522859573364,1.0,High,Last Chance: Final win-back email + maximum discount
15744,Lost Customers,77,1,34.8,34.8,77,,0.6592522859573364,1.0,High,Last Chance: Final win-back email + maximum discount
14975,Promising,56,2,472.39,236.195,420,363.0,0.6588200330734253,1.0,High,Urgent Re-engage: 20% discount coupon + highlight new arrivals
16451,At Risk,87,3,1013.1500000000001,337.7166666666667,734,323.5,0.6587207317352295,1.0,High,Recovery: Time-limited 30% win-back discount + feedback survey
16447,At Risk,135,3,775.1400000000001,258.38000000000005,659,261.5,0.657830536365509,1.0,High,Recovery: Time-limited 30% win-back discount + feedback survey
13245,Promising,50,2,989.22,494.61,431,381.0,0.6576672792434692,1.0,High,Urgent Re-engage: 20% discount coupon + highlight new arrivals
15994,Promising,54,3,1202.18,400.7266666666667,635,290.5,0.6575655341148376,1.0,High,Urgent Re-engage: 20% discount coupon + highlight new arrivals
16921,Promising,60,3,446.66999999999996,148.89,599,269.0,0.6567839980125427,1.0,High,Urgent Re-engage: 20% discount coupon + highlight new arrivals
18278,Promising,73,2,414.20000000000005,207.10000000000002,404,330.0,0.6567839980125427,1.0,High,Urgent Re-engage: 20% discount coupon + highlight new arrivals
17977,Promising,28,2,1565.63,782.815,399,370.0,0.6567310094833374,1.0,High,Urgent Re-engage: 20% discount coupon + highlight new arrivals
17011,Promising,29,3,671.6999999999999,223.89999999999998,651,310.0,0.6567310094833374,1.0,High,Urgent Re-engage: 20% discount coupon + highlight new arrivals
14208,Lost Customers,94,2,567.05,283.525,550,456.0,0.6567181348800659,1.0,High,Last Chance: Final win-back email + maximum discount
12851,Lost Customers,96,2,284.13,142.065,476,380.0,0.6556805372238159,1.0,High,Last Chance: Final win-back email + maximum discount
12538,Promising,28,2,640.45,320.225,377,349.0,0.6552984714508057,1.0,High,Urgent Re-engage: 20% discount coupon + highlight new arrivals
13091,Promising,27,3,2321.82,773.94,729,350.5,0.6552984714508057,1.0,High,Urgent Re-engage: 20% discount coupon + highlight new arrivals
17458,Promising,14,2,529.58,264.79,381,366.0,0.6545122265815735,1.0,High,Urgent Re-engage: 20% discount coupon + highlight new arrivals
15598,Promising,52,2,548.02,274.01,427,374.0,0.6541615724563599,1.0,High,Urgent Re-engage: 20% discount coupon + highlight new arrivals
17510,Promising,24,2,514.5600000000001,257.28000000000003,420,395.0,0.6541378498077393,1.0,High,Urgent Re-engage: 20% discount coupon + highlight new arrivals
14902,Promising,25,3,1035.6200000000001,345.2066666666667,553,263.5,0.6541378498077393,1.0,High,Urgent Re-engage: 20% discount coupon + highlight new arrivals
15374,Lost Customers,128,2,307.32,153.66,624,495.0,0.6532506942749023,1.0,High,Last Chance: Final win-back email + maximum discount
16198,Promising,74,2,1030.0410000000002,515.0205000000001,436,362.0,0.652743399143219,1.0,High,Urgent Re-engage: 20% discount coupon + highlight new arrivals
15277,Promising,46,2,476.34,238.17,424,378.0,0.6525472402572632,1.0,High,Urgent Re-engage: 20% discount coupon + highlight new arrivals
17111,Promising,46,2,476.58000000000004,238.29000000000002,424,378.0,0.6525472402572632,1.0,High,Urgent Re-engage: 20% discount coupon + highlight new arrivals
17647,Promising,64,3,331.65999999999997,110.55333333333333,668,302.0,0.65230393409729,1.0,High,Urgent Re-engage: 20% discount coupon + highlight new arrivals
13519,Lost Customers,77,2,343.21000000000004,171.60500000000002,442,364.0,0.65230393409729,1.0,High,Last Chance: Final win-back email + maximum discount
17928,Promising,44,3,341.24,113.74666666666667,570,262.5,0.6519129872322083,1.0,High,Urgent Re-engage: 20% discount coupon + highlight new arrivals
18019,Lost Customers,51,1,38.45,38.45,51,,0.6494171023368835,1.0,High,Last Chance: Final win-back email + maximum discount
15857,Promising,18,2,570.48,285.24,429,411.0,0.648995578289032,1.0,High,Urgent Re-engage: 20% discount coupon + highlight new arrivals
15115,Promising,17,2,531.85,265.925,732,714.0,0.648995578289032,1.0,High,Urgent Re-engage: 20% discount coupon + highlight new arrivals
17767,Promising,14,2,413.04999999999995,206.52499999999998,409,394.0,0.6487911343574524,1.0,High,Urgent Re-engage: 20% discount coupon + highlight new arrivals
14520,Promising,1,2,270.6,135.3,290,289.0,0.6487911343574524,1.0,High,Urgent Re-engage: 20% discount coupon + highlight new arrivals
16773,Promising,56,3,421.24,140.41333333333333,732,337.5,0.6484466791152954,1.0,High,Urgent Re-engage: 20% discount coupon + highlight new arrivals
18042,Promising,53,2,281.15,140.575,541,488.0,0.6484466791152954,1.0,High,Urgent Re-engage: 20% discount coupon + highlight new arrivals
12403,Promising,49,2,1019.3600000000001,509.68000000000006,521,471.0,0.6484425663948059,1.0,High,Urgent Re-engage: 20% discount coupon + highlight new arrivals
15541,Lost Customers,113,1,85.13000000000001,85.13000000000001,113,,0.6479616165161133,1.0,High,Last Chance: Final win-back email + maximum discount
16776,Promising,59,2,619.8499999999999,309.92499999999995,415,355.0,0.6473719477653503,1.0,High,Urgent Re-engage: 20% discount coupon + highlight new arrivals
15127,Promising,65,2,711.5,355.75,519,454.0,0.6473719477653503,1.0,High,Urgent Re-engage: 20% discount coupon + highlight new arrivals
15837,Promising,64,2,777.01,388.505,485,420.0,0.6473719477653503,1.0,High,Urgent Re-engage: 20% discount coupon + highlight new arrivals
15264,Promising,63,2,848.4000000000001,424.20000000000005,529,466.0,0.6473719477653503,1.0,High,Urgent Re-engage: 20% discount coupon + highlight new arrivals
12512,Lost Customers,65,2,138.03,69.015,65,0.0,0.6473475694656372,1.0,High,Last Chance: Final win-back email + maximum discount
16936,Promising,25,2,551.1700000000001,275.58500000000004,385,359.0,0.6458712220191956,1.0,High,Urgent Re-engage: 20% discount coupon + highlight new arrivals
14598,Promising,43,2,384.03999999999996,192.01999999999998,568,525.0,0.6457337141036987,1.0,High,Urgent Re-engage: 20% discount coupon + highlight new arrivals
16846,Promising,49,3,842.4100000000001,280.80333333333334,639,294.5,0.6456897854804993,1.0,High,Urgent Re-engage: 20% discount coupon + highlight new arrivals
18268,At Risk,133,6,1490.23,248.37166666666667,728,118.6,0.6452234387397766,1.0,High,Recovery: Time-limited 30% win-back discount + feedback survey
13366,Lost Customers,49,1,56.16,56.16,49,,0.6449915766716003,1.0,High,Last Chance: Final win-back email + maximum discount
14076,Lost Customers,128,1,122.47,122.47,128,,0.6447242498397827,1.0,High,Last Chance: Final win-back email + maximum discount
13273,Lost Customers,112,1,138.98,138.98,112,,0.6447242498397827,1.0,High,Last Chance: Final win-back email + maximum discount
12814,Lost Customers,101,1,125.92,125.92,101,,0.6447242498397827,1.0,High,Last Chance: Final win-back email + maximum discount
15663,Lost Customers,105,1,138.14,138.14,105,,0.6447242498397827,1.0,High,Last Chance: Final win-back email + maximum discount
12968,Lost Customers,111,1,135.95,135.95,111,,0.6447242498397827,1.0,High,Last Chance: Final win-back email + maximum discount
13594,Promising,52,2,533.32,266.66,485,432.0,0.643561601638794,1.0,High,Urgent Re-engage: 20% discount coupon + highlight new arrivals
15025,Promising,32,2,1013.09,506.545,567,535.0,0.643561601638794,1.0,High,Urgent Re-engage: 20% discount coupon + highlight new arrivals
15158,Promising,44,2,606.02,303.01,400,356.0,0.643561601638794,1.0,High,Urgent Re-engage: 20% discount coupon + highlight new arrivals
13974,Promising,48,2,677.72,338.86,581,532.0,0.643561601638794,1.0,High,Urgent Re-engage: 20% discount coupon + highlight new arrivals
16737,Promising,52,2,835.2,417.6,577,524.0,0.643561601638794,1.0,High,Urgent Re-engage: 20% discount coupon + highlight new arrivals
17514,Lost Customers,127,2,542.83,271.415,668,541.0,0.6433068513870239,1.0,High,Last Chance: Final win-back email + maximum discount
13710,Promising,31,3,509.52,169.84,611,289.5,0.6424154043197632,1.0,High,Urgent Re-engage: 20% discount coupon + highlight new arrivals
15524,Promising,24,2,591.4,295.7,606,582.0,0.6418378949165344,1.0,High,Urgent Re-engage: 20% discount coupon + highlight new arrivals
13513,At Risk,126,3,824.59,274.86333333333334,654,263.5,0.6418077349662781,1.0,High,Recovery: Time-limited 30% win-back discount + feedback survey
15919,Promising,19,2,639.8900000000001,319.94500000000005,368,349.0,0.6417747735977173,1.0,High,Urgent Re-engage: 20% discount coupon + highlight new arrivals
15097,Promising,3,3,908.3499999999999,302.7833333333333,582,289.0,0.6416168808937073,1.0,High,Urgent Re-engage: 20% discount coupon + highlight new arrivals
14929,Promising,31,2,836.69,418.345,421,389.0,0.6411587595939636,1.0,High,Urgent Re-engage: 20% discount coupon + highlight new arrivals
12953,Promising,9,2,828.81,414.405,521,512.0,0.64092618227005,1.0,High,Urgent Re-engage: 20% discount coupon + highlight new arrivals
13030,Promising,10,2,799.48,399.74,367,356.0,0.64092618227005,1.0,High,Urgent Re-engage: 20% discount coupon + highlight new arrivals
14954,Promising,11,2,503.44000000000005,251.72000000000003,702,690.0,0.64092618227005,1.0,High,Urgent Re-engage: 20% discount coupon + highlight new arrivals
14448,Promising,8,2,375.35,187.675,363,354.0,0.64092618227005,1.0,High,Urgent Re-engage: 20% discount coupon + highlight new arrivals
13068,Promising,9,2,344.0,172.0,319,309.0,0.64092618227005,1.0,High,Urgent Re-engage: 20% discount coupon + highlight new arrivals
13817,Promising,28,2,382.98,191.49,351,322.0,0.6402402520179749,1.0,High,Urgent Re-engage: 20% discount coupon + highlight new arrivals
14495,Promising,50,3,174.8,58.26666666666667,659,304.0,0.6400020718574524,1.0,High,Urgent Re-engage: 20% discount coupon + highlight new arrivals
14772,Lost Customers,111,1,139.26,139.26,111,,0.6397879719734192,1.0,High,Last Chance: Final win-back email + maximum discount
13106,Lost Customers,132,2,603.46,301.73,412,280.0,0.6397684812545776,1.0,High,Last Chance: Final win-back email + maximum discount
17122,At Risk,118,4,570.5,142.625,499,126.33333333333333,0.6396222114562988,1.0,High,Recovery: Time-limited 30% win-back discount + feedback survey
18033,Lost Customers,64,1,97.97,97.97,64,,0.638552188873291,1.0,High,Last Chance: Final win-back email + maximum discount
17620,Lost Customers,59,1,81.44,81.44,59,,0.638552188873291,1.0,High,Last Chance: Final win-back email + maximum discount
13947,Lost Customers,64,1,90.60000000000001,90.60000000000001,64,,0.638552188873291,1.0,High,Last Chance: Final win-back email + maximum discount
14054,Lost Customers,64,1,92.46000000000001,92.46000000000001,64,,0.638552188873291,1.0,High,Last Chance: Final win-back email + maximum discount
14642,Lost Customers,58,1,96.12,96.12,58,,0.638552188873291,1.0,High,Last Chance: Final win-back email + maximum discount
15526,Promising,32,2,148.44,74.22,32,0.0,0.6383754014968872,1.0,High,Urgent Re-engage: 20% discount coupon + highlight new arrivals
14314,Lost Customers,106,2,229.8,114.9,430,324.0,0.6379284262657166,1.0,High,Last Chance: Final win-back email + maximum discount
12923,Promising,63,3,789.87,263.29,574,255.0,0.63791424036026,1.0,High,Urgent Re-engage: 20% discount coupon + highlight new arrivals
15504,Promising,80,4,423.85,105.9625,665,194.33333333333334,0.6368836164474487,1.0,High,Urgent Re-engage: 20% discount coupon + highlight new arrivals
18110,Promising,19,2,435.43,217.715,410,391.0,0.6360583305358887,1.0,High,Urgent Re-engage: 20% discount coupon + highlight new arrivals
14052,Promising,19,2,480.80999999999995,240.40499999999997,390,371.0,0.6360583305358887,1.0,High,Urgent Re-engage: 20% discount coupon + highlight new arrivals
15634,Promising,16,2,554.6500000000001,277.32500000000005,382,366.0,0.6360583305358887,1.0,High,Urgent Re-engage: 20% discount coupon + highlight new arrivals
14793,Promising,20,2,625.9000000000001,312.95000000000005,534,513.0,0.6360583305358887,1.0,High,Urgent Re-engage: 20% discount coupon + highlight new arrivals
15488,At Risk,92,5,431.92,86.384,582,122.25,0.6353346705436707,1.0,High,Recovery: Time-limited 30% win-back discount + feedback survey
13876,Lost Customers,63,1,122.7,122.7,63,,0.6352770328521729,1.0,High,Last Chance: Final win-back email + maximum discount
13279,Lost Customers,77,1,137.75,137.75,77,,0.6352770328521729,1.0,High,Last Chance: Final win-back email + maximum discount
13364,Lost Customers,70,1,134.96,134.96,70,,0.6352770328521729,1.0,High,Last Chance: Final win-back email + maximum discount
16415,Promising,43,3,719.4399999999999,239.8133333333333,676,315.5,0.6348738074302673,1.0,High,Urgent Re-engage: 20% discount coupon + highlight new arrivals
14080,Promising,32,5,1115.68,223.13600000000002,736,175.5,0.6348518133163452,1.0,High,Urgent Re-engage: 20% discount coupon + highlight new arrivals
14436,Lost Customers,98,2,271.7,135.85,553,454.0,0.6347918510437012,1.0,High,Last Chance: Final win-back email + maximum discount
14995,Promising,38,2,233.23000000000002,116.61500000000001,279,241.0,0.6344777941703796,1.0,High,Urgent Re-engage: 20% discount coupon + highlight new arrivals
16932,Promising,52,3,440.71000000000004,146.90333333333334,570,258.0,0.6340526342391968,1.0,High,Urgent Re-engage: 20% discount coupon + highlight new arrivals
14972,Lost Customers,127,2,145.07,72.535,380,252.0,0.6339606642723083,1.0,High,Last Chance: Final win-back email + maximum discount
15545,Promising,53,2,292.72,146.36,370,316.0,0.633759617805481,1.0,High,Urgent Re-engage: 20% discount coupon + highlight new arrivals
14806,Lost Customers,74,2,303.43,151.715,438,363.0,0.6334937810897827,1.0,High,Last Chance: Final win-back email + maximum discount
15603,Lost Customers,78,2,88.48,44.24,647,569.0,0.6332933306694031,1.0,High,Last Chance: Final win-back email + maximum discount
15863,Promising,25,5,358.7,71.74,722,174.0,0.632234513759613,1.0,High,Urgent Re-engage: 20% discount coupon + highlight new arrivals
16468,Promising,73,3,787.52,262.50666666666666,480,203.0,0.6314284801483154,1.0,High,Urgent Re-engage: 20% discount coupon + highlight new arrivals
17785,Promising,52,3,403.38,134.46,564,255.5,0.630583643913269,1.0,High,Urgent Re-engage: 20% discount coupon + highlight new arrivals
17895,Lost Customers,43,1,98.0,98.0,43,,0.6303059458732605,1.0,High,Last Chance: Final win-back email + maximum discount
17030,Lost Customers,63,1,146.87,146.87,63,,0.6302847862243652,1.0,High,Last Chance: Final win-back email + maximum discount
13483,Lost Customers,65,1,140.34,140.34,65,,0.6302847862243652,1.0,High,Last Chance: Final win-back email + maximum discount
15937,Lost Customers,63,1,145.35000000000002,145.35000000000002,63,,0.6302847862243652,1.0,High,Last Chance: Final win-back email + maximum discount
13866,Lost Customers,73,1,145.67,145.67,73,,0.6302847862243652,1.0,High,Last Chance: Final win-back email + maximum discount
14109,Lost Customers,72,1,144.2,144.2,72,,0.6302847862243652,1.0,High,Last Chance: Final win-back email + maximum discount
15276,Promising,65,4,649.53,162.3825,434,122.66666666666667,0.6301171183586121,1.0,High,Urgent Re-engage: 20% discount coupon + highlight new arrivals
13006,Lost Customers,55,1,81.57,81.57,55,,0.6299325823783875,1.0,High,Last Chance: Final win-back email + maximum discount
17831,Lost Customers,32,1,35.400000000000006,35.400000000000006,32,,0.6293593049049377,1.0,High,Last Chance: Final win-back email + maximum discount
16680,Promising,42,3,821.45,273.81666666666666,534,245.5,0.6289983987808228,1.0,High,Urgent Re-engage: 20% discount coupon + highlight new arrivals
15683,Lost Customers,116,2,524.54,262.27,473,356.0,0.6289328336715698,1.0,High,Last Chance: Final win-back email + maximum discount
18255,Lost Customers,88,2,303.15,151.575,455,366.0,0.6289190649986267,1.0,High,Last Chance: Final win-back email + maximum discount
17309,Lost Customers,94,3,330.59000000000003,110.19666666666667,672,288.5,0.6287238597869873,1.0,High,Last Chance: Final win-back email + maximum discount
14381,Promising,51,2,631.34,315.67,450,399.0,0.6285195350646973,1.0,High,Urgent Re-engage: 20% discount coupon + highlight new arrivals
13739,Promising,17,2,292.2,146.1,527,509.0,0.6273956894874573,1.0,High,Urgent Re-engage: 20% discount coupon + highlight new arrivals
15540,Promising,10,2,460.68,230.34,375,364.0,0.6273956894874573,1.0,High,Urgent Re-engage: 20% discount coupon + highlight new arrivals
15844,Lost Customers,45,1,130.73999999999998,130.73999999999998,45,,0.6269997954368591,1.0,High,Last Chance: Final win-back email + maximum discount
14143,Lost Customers,133,1,115.8,115.8,133,,0.626728892326355,1.0,High,Last Chance: Final win-back email + maximum discount
13244,Lost Customers,92,1,121.74000000000001,121.74000000000001,92,,0.626728892326355,1.0,High,Last Chance: Final win-back email + maximum discount
17887,Lost Customers,128,1,111.35,111.35,128,,0.626728892326355,1.0,High,Last Chance: Final win-back email + maximum discount
18027,Lost Customers,98,1,115.31,115.31,98,,0.626728892326355,1.0,High,Last Chance: Final win-back email + maximum discount
17233,Promising,34,3,560.86,186.95333333333335,724,344.5,0.6264878511428833,1.0,High,Urgent Re-engage: 20% discount coupon + highlight new arrivals
12890,Promising,23,2,717.27,358.635,386,363.0,0.6264625191688538,1.0,High,Urgent Re-engage: 20% discount coupon + highlight new arrivals
16204,Promising,22,3,944.24,314.74666666666667,730,353.0,0.6264625191688538,1.0,High,Urgent Re-engage: 20% discount coupon + highlight new arrivals
14300,Promising,18,1,43.2,43.2,18,,0.6259864568710327,1.0,High,Urgent Re-engage: 20% discount coupon + highlight new arrivals
17942,Promising,7,1,77.50000000000001,77.50000000000001,7,,0.6259864568710327,1.0,High,Urgent Re-engage: 20% discount coupon + highlight new arrivals
18184,Promising,14,1,49.8,49.8,14,,0.6259864568710327,1.0,High,Urgent Re-engage: 20% discount coupon + highlight new arrivals
15657,Lost Customers,22,1,30.0,30.0,22,,0.6259864568710327,1.0,High,Last Chance: Final win-back email + maximum discount
16542,Promising,53,2,257.32,128.66,400,347.0,0.6258149743080139,1.0,High,Urgent Re-engage: 20% discount coupon + highlight new arrivals
17711,Promising,10,2,385.1,192.55,289,279.0,0.6255987882614136,1.0,High,Urgent Re-engage: 20% discount coupon + highlight new arrivals
12789,Promising,64,3,273.35,91.11666666666667,693,314.0,0.625234067440033,1.0,High,Urgent Re-engage: 20% discount coupon + highlight new arrivals
17148,Lost Customers,51,1,124.88,124.88,51,,0.6251434087753296,1.0,High,Last Chance: Final win-back email + maximum discount
16961,At Risk,115,3,794.56,264.8533333333333,531,207.5,0.6243970990180969,1.0,High,Recovery: Time-limited 30% win-back discount + feedback survey
17339,Lost Customers,93,3,302.36,100.78666666666668,508,207.0,0.6243970990180969,1.0,High,Last Chance: Final win-back email + maximum discount
17964,Promising,31,2,471.7,235.85,371,340.0,0.6238967776298523,1.0,High,Urgent Re-engage: 20% discount coupon + highlight new arrivals
16433,Promising,27,2,384.52,192.26,408,380.0,0.6231006383895874,1.0,High,Urgent Re-engage: 20% discount coupon + highlight new arrivals
17898,Promising,84,4,299.18,74.795,566,160.0,0.6230254769325256,1.0,High,Urgent Re-engage: 20% discount coupon + highlight new arrivals
15516,Lost Customers,44,3,62.43,20.81,46,0.5,0.6228601336479187,1.0,High,Last Chance: Final win-back email + maximum discount
13877,Promising,85,3,449.68,149.89333333333335,689,301.0,0.622811496257782,1.0,High,Urgent Re-engage: 20% discount coupon + highlight new arrivals
13697,Lost Customers,38,1,151.3,151.3,38,,0.6219616532325745,1.0,High,Last Chance: Final win-back email + maximum discount
14098,Promising,36,1,147.35,147.35,36,,0.6219616532325745,1.0,High,Urgent Re-engage: 20% discount coupon + highlight new arrivals
16337,Promising,36,1,151.05,151.05,36,,0.6219616532325745,1.0,High,Urgent Re-engage: 20% discount coupon + highlight new arrivals
15466,At Risk,84,4,1571.01,392.7525,736,216.66666666666666,0.6219432950019836,1.0,High,Recovery: Time-limited 30% win-back discount + feedback survey
15748,Promising,39,3,614.76,204.92,448,204.0,0.6215431690216064,1.0,High,Urgent Re-engage: 20% discount coupon + highlight new arrivals
16847,Promising,42,2,614.89,307.445,617,574.0,0.621048092842102,1.0,High,Urgent Re-engage: 20% discount coupon + highlight new arrivals
15986,Promising,29,2,354.42,177.21,381,351.0,0.6209481358528137,1.0,High,Urgent Re-engage: 20% discount coupon + highlight new arrivals
14484,Promising,49,4,1070.98,267.745,722,223.66666666666666,0.6206101775169373,1.0,High,Urgent Re-engage: 20% discount coupon + highlight new arrivals
15836,Lost Customers,49,1,137.37,137.37,49,,0.620590329170227,1.0,High,Last Chance: Final win-back email + maximum discount
15888,Promising,80,3,429.15999999999997,143.0533333333333,526,222.5,0.6202440857887268,1.0,High,Urgent Re-engage: 20% discount coupon + highlight new arrivals
15958,Promising,73,4,492.99,123.2475,550,158.33333333333334,0.6201246976852417,1.0,High,Urgent Re-engage: 20% discount coupon + highlight new arrivals
16887,Promising,34,3,660.72,220.24,737,351.0,0.6197547316551208,1.0,High,Urgent Re-engage: 20% discount coupon + highlight new arrivals
17250,Promising,3,2,384.52,192.26,260,257.0,0.6197066903114319,1.0,High,Urgent Re-engage: 20% discount coupon + highlight new arrivals
15216,Lost Customers,87,2,486.09000000000003,243.04500000000002,618,531.0,0.6196220517158508,1.0,High,Last Chance: Final win-back email + maximum discount
15689,At Risk,119,3,521.03,173.67666666666665,617,248.5,0.6193483471870422,1.0,High,Recovery: Time-limited 30% win-back discount + feedback survey
15254,At Risk,126,3,1088.35,362.7833333333333,560,216.5,0.6191826462745667,1.0,High,Recovery: Time-limited 30% win-back discount + feedback survey
16412,Promising,53,5,647.23,129.446,672,154.75,0.6190789937973022,1.0,High,Urgent Re-engage: 20% discount coupon + highlight new arrivals
16093,Lost Customers,106,1,17.0,17.0,106,,0.6186051964759827,1.0,High,Last Chance: Final win-back email + maximum discount
17079,Lost Customers,77,1,118.80000000000001,118.80000000000001,77,,0.6170873045921326,1.0,High,Last Chance: Final win-back email + maximum discount
17427,Lost Customers,71,1,100.8,100.8,71,,0.6170873045921326,1.0,High,Last Chance: Final win-back email + maximum discount
14027,Lost Customers,60,1,104.82,104.82,60,,0.6170873045921326,1.0,High,Last Chance: Final win-back email + maximum discount
17957,Lost Customers,65,1,111.68,111.68,65,,0.6170873045921326,1.0,High,Last Chance: Final win-back email + maximum discount
14652,Lost Customers,76,1,114.18,114.18,76,,0.6170873045921326,1.0,High,Last Chance: Final win-back email + maximum discount
13193,Lost Customers,60,1,117.88,117.88,60,,0.6170873045921326,1.0,High,Last Chance: Final win-back email + maximum discount
16106,Lost Customers,65,1,108.38,108.38,65,,0.6170873045921326,1.0,High,Last Chance: Final win-back email + maximum discount
17205,Promising,53,3,999.3499999999999,333.1166666666666,563,255.0,0.6167997121810913,1.0,High,Urgent Re-engage: 20% discount coupon + highlight new arrivals
15432,Promising,22,2,320.76,160.38,540,518.0,0.616497814655304,1.0,High,Urgent Re-engage: 20% discount coupon + highlight new arrivals
18058,Promising,9,3,774.06,258.02,667,328.5,0.616497814655304,1.0,High,Urgent Re-engage: 20% discount coupon + highlight new arrivals
14473,Lost Customers,73,2,234.34,117.17,281,208.0,0.616399347782135,1.0,High,Last Chance: Final win-back email + maximum discount
17201,At Risk,53,4,1242.04,310.51,667,204.0,0.6163779497146606,1.0,High,Recovery: Time-limited 30% win-back discount + feedback survey
13899,Promising,15,2,388.52,194.26,274,258.0,0.6147207021713257,1.0,High,Urgent Re-engage: 20% discount coupon + highlight new arrivals
17603,At Risk,77,4,1793.48,448.37,729,216.66666666666666,0.6144965291023254,1.0,High,Recovery: Time-limited 30% win-back discount + feedback survey
12659,Promising,29,1,91.68,91.68,29,,0.6121126413345337,1.0,High,Urgent Re-engage: 20% discount coupon + highlight new arrivals
14819,Promising,63,4,470.15999999999997,117.53999999999999,717,217.33333333333334,0.6121070981025696,1.0,High,Urgent Re-engage: 20% discount coupon + highlight new arrivals
12756,Lost Customers,86,1,112.08,112.08,86,,0.6114290952682495,1.0,High,Last Chance: Final win-back email + maximum discount
16959,Lost Customers,86,1,117.35000000000001,117.35000000000001,86,,0.6114290952682495,1.0,High,Last Chance: Final win-back email + maximum discount
14792,Lost Customers,63,1,6.2,6.2,63,,0.6113699078559875,1.0,High,Last Chance: Final win-back email + maximum discount
16878,Lost Customers,83,1,13.3,13.3,83,,0.6113699078559875,1.0,High,Last Chance: Final win-back email + maximum discount
17783,Promising,71,3,379.90999999999997,126.63666666666666,512,219.5,0.6111670732498169,1.0,High,Urgent Re-engage: 20% discount coupon + highlight new arrivals
17383,Promising,3,2,309.99,154.995,452,449.0,0.6108495593070984,1.0,High,Urgent Re-engage: 20% discount coupon + highlight new arrivals
15423,Promising,37,3,266.89,88.96333333333332,620,291.0,0.6106268763542175,1.0,High,Urgent Re-engage: 20% discount coupon + highlight new arrivals
13283,Promising,59,4,373.36,93.34,639,192.66666666666666,0.6100379228591919,1.0,High,Urgent Re-engage: 20% discount coupon + highlight new arrivals
17344,Promising,45,2,468.11,234.055,728,682.0,0.6100137829780579,1.0,High,Urgent Re-engage: 20% discount coupon + highlight new arrivals
13938,Lost Customers,34,1,71.66,71.66,34,,0.6097190380096436,1.0,High,Last Chance: Final win-back email + maximum discount
18053,Promising,70,3,571.0699999999999,190.35666666666665,527,227.5,0.6095870733261108,1.0,High,Urgent Re-engage: 20% discount coupon + highlight new arrivals
18209,Promising,28,1,139.10000000000002,139.10000000000002,28,,0.608744740486145,1.0,High,Urgent Re-engage: 20% discount coupon + highlight new arrivals
15463,Promising,28,1,126.14,126.14,28,,0.608744740486145,1.0,High,Urgent Re-engage: 20% discount coupon + highlight new arrivals
13522,Promising,29,1,125.80000000000001,125.80000000000001,29,,0.608744740486145,1.0,High,Urgent Re-engage: 20% discount coupon + highlight new arrivals
14582,Lost Customers,40,1,114.11,114.11,40,,0.6086515188217163,1.0,High,Last Chance: Final win-back email + maximum discount
14974,Lost Customers,36,1,114.39,114.39,36,,0.6086515188217163,1.0,High,Last Chance: Final win-back email + maximum discount
18105,Lost Customers,37,1,113.48000000000002,113.48000000000002,37,,0.6086515188217163,1.0,High,Last Chance: Final win-back email + maximum discount
13182,Lost Customers,44,1,121.18,121.18,44,,0.6086515188217163,1.0,High,Last Chance: Final win-back email + maximum discount
14345,Lost Customers,38,1,108.98,108.98,38,,0.6086515188217163,1.0,High,Last Chance: Final win-back email + maximum discount
13992,Promising,29,3,219.5,73.16666666666667,462,215.5,0.6081982851028442,1.0,High,Urgent Re-engage: 20% discount coupon + highlight new arrivals
14799,Promising,50,2,338.15,169.075,737,686.0,0.608125627040863,1.0,High,Urgent Re-engage: 20% discount coupon + highlight new arrivals
15678,At Risk,52,3,1893.89,631.2966666666667,522,234.5,0.608053982257843,1.0,High,Recovery: Time-limited 30% win-back discount + feedback survey
15247,At Risk,121,3,976.06,325.3533333333333,536,207.0,0.6079477071762085,1.0,High,Recovery: Time-limited 30% win-back discount + feedback survey
16830,Promising,38,4,1207.5,301.875,726,228.66666666666666,0.6077477335929871,1.0,High,Urgent Re-engage: 20% discount coupon + highlight new arrivals
16574,At Risk,70,3,1301.78,433.9266666666667,658,293.0,0.6074576377868652,1.0,High,Recovery: Time-limited 30% win-back discount + feedback survey
16363,Lost Customers,52,1,109.36000000000001,109.36000000000001,52,,0.60676109790802,1.0,High,Last Chance: Final win-back email + maximum discount
15853,Lost Customers,51,1,110.8,110.8,51,,0.60676109790802,1.0,High,Last Chance: Final win-back email + maximum discount
15610,Lost Customers,51,1,112.46000000000001,112.46000000000001,51,,0.60676109790802,1.0,High,Last Chance: Final win-back email + maximum discount
15198,At Risk,91,5,571.35,114.27000000000001,689,148.75,0.6066240072250366,1.0,High,Recovery: Time-limited 30% win-back discount + feedback survey
15803,At Risk,50,4,1929.66,482.415,675,208.0,0.6065965294837952,1.0,High,Recovery: Time-limited 30% win-back discount + feedback survey
17376,Promising,70,4,453.64,113.41,522,150.0,0.6065356135368347,1.0,High,Urgent Re-engage: 20% discount coupon + highlight new arrivals
16895,At Risk,64,5,1121.42,224.28400000000002,665,149.75,0.6065356135368347,1.0,High,Recovery: Time-limited 30% win-back discount + feedback survey
13980,At Risk,59,5,799.92,159.98399999999998,655,148.5,0.6065356135368347,1.0,High,Recovery: Time-limited 30% win-back discount + feedback survey
18018,Lost Customers,107,4,297.99,74.4975,420,103.66666666666667,0.6056140065193176,1.0,High,Last Chance: Final win-back email + maximum discount
13067,Promising,81,3,508.51,169.50333333333333,445,181.5,0.605241060256958,1.0,High,Urgent Re-engage: 20% discount coupon + highlight new arrivals
15348,Lost Customers,71,1,158.04,158.04,71,,0.6050295829772949,1.0,High,Last Chance: Final win-back email + maximum discount
16213,Lost Customers,78,1,159.0,159.0,78,,0.6050295829772949,1.0,High,Last Chance: Final win-back email + maximum discount
15639,At Risk,133,3,1065.08,355.02666666666664,604,235.0,0.6048582196235657,1.0,High,Recovery: Time-limited 30% win-back discount + feedback survey
12703,At Risk,70,4,1006.53,251.6325,684,204.0,0.6045981049537659,1.0,High,Recovery: Time-limited 30% win-back discount + feedback survey
17181,Promising,56,3,309.85,103.28333333333335,595,269.0,0.6045066714286804,1.0,High,Urgent Re-engage: 20% discount coupon + highlight new arrivals
13778,At Risk,102,4,1124.49,281.1225,564,153.66666666666666,0.6035956144332886,1.0,High,Recovery: Time-limited 30% win-back discount + feedback survey
14087,Promising,2,3,846.22,282.0733333333333,734,366.0,0.6032010912895203,1.0,High,Urgent Re-engage: 20% discount coupon + highlight new arrivals
18200,Lost Customers,105,1,163.8,163.8,105,,0.6028875112533569,1.0,High,Last Chance: Final win-back email + maximum discount
15244,Promising,64,3,912.0799999999999,304.02666666666664,665,300.0,0.6028187870979309,1.0,High,Urgent Re-engage: 20% discount coupon + highlight new arrivals
17986,Lost Customers,55,1,20.8,20.8,55,,0.6025055646896362,1.0,High,Last Chance: Final win-back email + maximum discount
17901,Promising,28,3,260.08,86.69333333333333,521,246.0,0.6024781465530396,1.0,High,Urgent Re-engage: 20% discount coupon + highlight new arrivals
16953,Lost Customers,29,1,20.8,20.8,29,,0.6023080348968506,1.0,High,Last Chance: Final win-back email + maximum discount
17301,Promising,20,2,330.43,165.215,623,603.0,0.6022194027900696,1.0,High,Urgent Re-engage: 20% discount coupon + highlight new arrivals
17836,Lost Customers,46,1,110.21000000000001,110.21000000000001,46,,0.6021268963813782,1.0,High,Last Chance: Final win-back email + maximum discount
13514,At Risk,73,4,815.9000000000001,203.97500000000002,681,202.33333333333334,0.6015252470970154,1.0,High,Recovery: Time-limited 30% win-back discount + feedback survey
17786,Lost Customers,84,2,278.74,139.37,316,231.0,0.6014995574951172,1.0,High,Last Chance: Final win-back email + maximum discount
15263,Lost Customers,106,1,156.51,156.51,106,,0.6006208062171936,1.0,High,Last Chance: Final win-back email + maximum discount
14406,Lost Customers,118,1,156.75,156.75,118,,0.6006208062171936,1.0,High,Last Chance: Final win-back email + maximum discount
15438,Lost Customers,130,1,156.57999999999998,156.57999999999998,130,,0.6006208062171936,1.0,High,Last Chance: Final win-back email + maximum discount
14174,Promising,32,1,134.46,134.46,32,,0.6003561615943909,1.0,High,Urgent Re-engage: 20% discount coupon + highlight new arrivals
16789,Promising,7,1,80.80000000000001,80.80000000000001,7,,0.6002914309501648,1.0,High,Urgent Re-engage: 20% discount coupon + highlight new arrivals
17538,Promising,25,1,98.42,98.42,25,,0.6002914309501648,1.0,High,Urgent Re-engage: 20% discount coupon + highlight new arrivals
16597,Promising,3,1,90.04,90.04,3,,0.6002914309501648,1.0,High,Urgent Re-engage: 20% discount coupon + highlight new arrivals
13160,Promising,21,1,91.8,91.8,21,,0.6002914309501648,1.0,High,Urgent Re-engage: 20% discount coupon + highlight new arrivals
18249,Promising,16,1,95.34,95.34,16,,0.6002914309501648,1.0,High,Urgent Re-engage: 20% discount coupon + highlight new arrivals
12984,Promising,18,1,97.5,97.5,18,,0.6002914309501648,1.0,High,Urgent Re-engage: 20% discount coupon + highlight new arrivals
16018,Promising,38,4,698.13,174.5325,731,230.66666666666666,0.6002010703086853,1.0,High,Urgent Re-engage: 20% discount coupon + highlight new arrivals
16952,At Risk,108,5,798.78,159.756,727,154.5,0.6001980304718018,1.0,High,Recovery: Time-limited 30% win-back discount + feedback survey
12425,At Risk,77,2,1741.41,870.705,447,370.0,0.5996490716934204,1.0,High,Recovery: Time-limited 30% win-back discount + feedback survey
17169,Promising,57,3,1156.73,385.57666666666665,577,260.0,0.5996490716934204,1.0,High,Urgent Re-engage: 20% discount coupon + highlight new arrivals
13375,At Risk,88,2,1792.23,896.115,444,356.0,0.5996490716934204,1.0,High,Recovery: Time-limited 30% win-back discount + feedback survey
17025,At Risk,60,5,1349.67,269.934,640,145.0,0.5988579988479614,1.0,High,Recovery: Time-limited 30% win-back discount + feedback survey
16248,Lost Customers,61,1,152.94,152.94,61,,0.5981120467185974,1.0,High,Last Chance: Final win-back email + maximum discount
12602,Lost Customers,58,1,153.12,153.12,58,,0.5981120467185974,1.0,High,Last Chance: Final win-back email + maximum discount
15017,Promising,33,1,125.58,125.58,33,,0.5978121757507324,1.0,High,Urgent Re-engage: 20% discount coupon + highlight new arrivals
17534,At Risk,53,5,1668.83,333.76599999999996,651,149.25,0.5977491736412048,1.0,High,Recovery: Time-limited 30% win-back discount + feedback survey
13307,Lost Customers,119,3,273.34000000000003,91.11333333333334,591,235.5,0.5973634719848633,1.0,High,Last Chance: Final win-back email + maximum discount
14753,Promising,86,2,869.51,434.755,460,373.0,0.5968014597892761,1.0,High,Urgent Re-engage: 20% discount coupon + highlight new arrivals
17958,At Risk,116,2,973.88,486.94,727,611.0,0.5968014597892761,1.0,High,Recovery: Time-limited 30% win-back discount + feedback survey
17480,Promising,77,2,902.03,451.015,444,366.0,0.5968014597892761,1.0,High,Urgent Re-engage: 20% discount coupon + highlight new arrivals
15184,Promising,28,4,689.95,172.4875,723,231.0,0.5967288613319397,1.0,High,Urgent Re-engage: 20% discount coupon + highlight new arrivals
15458,Promising,24,2,370.44,185.22,401,376.0,0.596663236618042,1.0,High,Urgent Re-engage: 20% discount coupon + highlight new arrivals
15211,Promising,59,2,894.4100000000001,447.20500000000004,364,304.0,0.5966328978538513,1.0,High,Urgent Re-engage: 20% discount coupon + highlight new arrivals
14894,At Risk,84,3,1492.81,497.6033333333333,737,325.5,0.5966303944587708,1.0,High,Recovery: Time-limited 30% win-back discount + feedback survey
16141,Promising,87,2,955.94,477.97,416,328.0,0.5965571999549866,1.0,High,Urgent Re-engage: 20% discount coupon + highlight new arrivals
16988,Promising,4,2,382.67,191.335,379,374.0,0.5962732434272766,1.0,High,Urgent Re-engage: 20% discount coupon + highlight new arrivals
13598,Promising,46,5,789.59,157.918,651,151.0,0.5955976247787476,1.0,High,Urgent Re-engage: 20% discount coupon + highlight new arrivals
17359,Promising,10,2,284.46,142.23,647,636.0,0.5952858924865723,1.0,High,Urgent Re-engage: 20% discount coupon + highlight new arrivals
12445,Promising,21,2,434.98,217.49,420,398.0,0.5952858924865723,1.0,High,Urgent Re-engage: 20% discount coupon + highlight new arrivals
14581,Promising,16,2,433.79999999999995,216.89999999999998,543,527.0,0.5952858924865723,1.0,High,Urgent Re-engage: 20% discount coupon + highlight new arrivals
12531,Promising,14,2,1933.2,966.6,685,671.0,0.5952858924865723,1.0,High,Urgent Re-engage: 20% discount coupon + highlight new arrivals
14594,Promising,6,2,379.83,189.915,372,365.0,0.5952858924865723,1.0,High,Urgent Re-engage: 20% discount coupon + highlight new arrivals
14073,Promising,31,1,151.04,151.04,31,,0.5951904058456421,1.0,High,Urgent Re-engage: 20% discount coupon + highlight new arrivals
16414,Promising,21,5,559.71,111.94200000000001,694,168.0,0.5946643948554993,1.0,High,Urgent Re-engage: 20% discount coupon + highlight new arrivals
17382,At Risk,64,8,902.28,112.785,569,71.71428571428571,0.5944738984107971,1.0,High,Recovery: Time-limited 30% win-back discount + feedback survey
17297,Promising,16,1,131.78,131.78,16,,0.5936691761016846,1.0,High,Urgent Re-engage: 20% discount coupon + highlight new arrivals
13638,Promising,15,1,122.64,122.64,15,,0.5936691761016846,1.0,High,Urgent Re-engage: 20% discount coupon + highlight new arrivals
15419,Promising,24,1,135.86,135.86,24,,0.5936691761016846,1.0,High,Urgent Re-engage: 20% discount coupon + highlight new arrivals
14349,Promising,9,1,133.5,133.5,9,,0.5936691761016846,1.0,High,Urgent Re-engage: 20% discount coupon + highlight new arrivals
13428,Promising,9,3,499.98,166.66,513,252.0,0.5936487317085266,1.0,High,Urgent Re-engage: 20% discount coupon + highlight new arrivals
14968,Promising,29,2,504.99,252.495,457,428.0,0.5934664607048035,1.0,High,Urgent Re-engage: 20% discount coupon + highlight new arrivals
14055,At Risk,105,3,1520.96,506.9866666666667,722,308.0,0.5933711528778076,1.0,High,Recovery: Time-limited 30% win-back discount + feedback survey
17680,Promising,23,3,497.45000000000005,165.8166666666667,510,243.0,0.592830240726471,1.0,High,Urgent Re-engage: 20% discount coupon + highlight new arrivals
13651,Promising,34,3,226.85000000000002,75.61666666666667,381,173.0,0.5919386148452759,1.0,High,Urgent Re-engage: 20% discount coupon + highlight new arrivals
16406,Promising,18,3,552.68,184.22666666666666,653,317.5,0.5912005305290222,1.0,High,Urgent Re-engage: 20% discount coupon + highlight new arrivals
16454,Lost Customers,44,4,30.950000000000003,7.737500000000001,610,188.33333333333334,0.590595543384552,1.0,High,Last Chance: Final win-back email + maximum discount
16784,Promising,19,5,896.53,179.30599999999998,620,150.0,0.5904523730278015,1.0,High,Urgent Re-engage: 20% discount coupon + highlight new arrivals
15776,Lost Customers,132,1,241.62,241.62,132,,0.5901312232017517,1.0,High,Last Chance: Final win-back email + maximum discount
15866,Lost Customers,100,1,230.53,230.53,100,,0.5901312232017517,1.0,High,Last Chance: Final win-back email + maximum discount
14523,Lost Customers,107,1,241.09,241.09,107,,0.5901312232017517,1.0,High,Last Chance: Final win-back email + maximum discount
16302,Lost Customers,126,1,233.22,233.22,126,,0.5901312232017517,1.0,High,Last Chance: Final win-back email + maximum discount
15118,Lost Customers,133,1,244.8,244.8,133,,0.5901312232017517,1.0,High,Last Chance: Final win-back email + maximum discount
17791,Promising,29,1,106.1,106.1,29,,0.5900856256484985,1.0,High,Urgent Re-engage: 20% discount coupon + highlight new arrivals
16516,Promising,29,1,101.69999999999999,101.69999999999999,29,,0.5900856256484985,1.0,High,Urgent Re-engage: 20% discount coupon + highlight new arrivals
12781,Promising,63,2,826.74,413.37,284,221.0,0.5898334383964539,1.0,High,Urgent Re-engage: 20% discount coupon + highlight new arrivals
13255,Promising,8,3,678.76,226.25333333333333,511,251.0,0.5898308157920837,1.0,High,Urgent Re-engage: 20% discount coupon + highlight new arrivals
12812,Promising,44,1,229.64000000000001,229.64000000000001,44,,0.5894957184791565,1.0,High,Urgent Re-engage: 20% discount coupon + highlight new arrivals
17684,Promising,43,1,239.41,239.41,43,,0.5894957184791565,1.0,High,Urgent Re-engage: 20% discount coupon + highlight new arrivals
14357,Promising,42,1,225.77,225.77,42,,0.5894957184791565,1.0,High,Urgent Re-engage: 20% discount coupon + highlight new arrivals
16026,Promising,42,1,236.09,236.09,42,,0.5894957184791565,1.0,High,Urgent Re-engage: 20% discount coupon + highlight new arrivals
15435,Promising,21,1,149.29,149.29,21,,0.5884762406349182,1.0,High,Urgent Re-engage: 20% discount coupon + highlight new arrivals
12587,Promising,7,1,144.0,144.0,7,,0.5884762406349182,1.0,High,Urgent Re-engage: 20% discount coupon + highlight new arrivals
12718,Lost Customers,70,1,238.25,238.25,70,,0.587601900100708,1.0,High,Last Chance: Final win-back email + maximum discount
17347,Lost Customers,85,1,228.96,228.96,85,,0.587601900100708,1.0,High,Last Chance: Final win-back email + maximum discount
13886,Lost Customers,70,1,243.56,243.56,70,,0.587601900100708,1.0,High,Last Chance: Final win-back email + maximum discount
16215,Lost Customers,80,1,242.35,242.35,80,,0.587601900100708,1.0,High,Last Chance: Final win-back email + maximum discount
13348,Lost Customers,63,1,233.76000000000002,233.76000000000002,63,,0.587601900100708,1.0,High,Last Chance: Final win-back email + maximum discount
17331,Lost Customers,123,1,175.2,175.2,123,,0.5874031186103821,1.0,High,Last Chance: Final win-back email + maximum discount
18099,Lost Customers,126,1,168.31,168.31,126,,0.5874031186103821,1.0,High,Last Chance: Final win-back email + maximum discount
16411,Promising,18,4,778.69,194.6725,427,135.66666666666666,0.5871535539627075,1.0,High,Urgent Re-engage: 20% discount coupon + highlight new arrivals
14218,Lost Customers,42,1,169.48000000000002,169.48000000000002,42,,0.5867663025856018,1.0,High,Last Chance: Final win-back email + maximum discount
15322,At Risk,85,2,1390.86,695.43,475,390.0,0.5867293477058411,1.0,High,Recovery: Time-limited 30% win-back discount + feedback survey
15091,At Risk,67,3,1046.6100000000001,348.87000000000006,674,303.5,0.5866357088088989,1.0,High,Recovery: Time-limited 30% win-back discount + feedback survey
13109,Promising,59,3,1134.03,378.01,550,245.5,0.5863404273986816,1.0,High,Urgent Re-engage: 20% discount coupon + highlight new arrivals
13194,Lost Customers,135,2,472.78,236.39,421,285.0,0.5863195061683655,1.0,High,Last Chance: Final win-back email + maximum discount
15740,Lost Customers,48,1,154.88,154.88,48,,0.5858664512634277,1.0,High,Last Chance: Final win-back email + maximum discount
17832,Lost Customers,49,1,155.37,155.37,49,,0.5858664512634277,1.0,High,Last Chance: Final win-back email + maximum discount
14494,Promising,25,3,401.46000000000004,133.82000000000002,730,352.0,0.5857821702957153,1.0,High,Urgent Re-engage: 20% discount coupon + highlight new arrivals
14661,Promising,26,1,107.95,107.95,26,,0.5856977701187134,1.0,High,Urgent Re-engage: 20% discount coupon + highlight new arrivals
13170,Promising,26,1,116.00999999999999,116.00999999999999,26,,0.5856977701187134,1.0,High,Urgent Re-engage: 20% discount coupon + highlight new arrivals
14039,Promising,32,2,267.28,133.64,575,542.0,0.5849735736846924,1.0,High,Urgent Re-engage: 20% discount coupon + highlight new arrivals
16594,Lost Customers,74,1,181.09,181.09,74,,0.5848687291145325,1.0,High,Last Chance: Final win-back email + maximum discount
18088,Lost Customers,60,1,167.67000000000002,167.67000000000002,60,,0.5848687291145325,1.0,High,Last Chance: Final win-back email + maximum discount
14518,Lost Customers,63,1,174.37,174.37,63,,0.5848687291145325,1.0,High,Last Chance: Final win-back email + maximum discount
13690,Lost Customers,58,1,172.25,172.25,58,,0.5848687291145325,1.0,High,Last Chance: Final win-back email + maximum discount
17771,Promising,56,4,387.40999999999997,96.85249999999999,588,177.0,0.5848227143287659,1.0,High,Urgent Re-engage: 20% discount coupon + highlight new arrivals
16780,At Risk,99,3,605.55,201.85,406,152.5,0.5848154425621033,1.0,High,Recovery: Time-limited 30% win-back discount + feedback survey
17189,At Risk,105,5,957.63,191.526,737,157.5,0.5848154425621033,1.0,High,Recovery: Time-limited 30% win-back discount + feedback survey
12688,At Risk,113,1,4873.81,4873.81,113,,0.5847996473312378,1.0,High,Recovery: Time-limited 30% win-back discount + feedback survey
13666,Promising,59,5,127.9,25.580000000000002,735,168.5,0.5846748352050781,1.0,High,Urgent Re-engage: 20% discount coupon + highlight new arrivals
18043,Promising,24,3,559.51,186.50333333333333,366,171.0,0.5846575498580933,1.0,High,Urgent Re-engage: 20% discount coupon + highlight new arrivals
12641,Lost Customers,114,1,185.9,185.9,114,,0.5844224095344543,1.0,High,Last Chance: Final win-back email + maximum discount
16793,Lost Customers,56,1,243.84,243.84,56,,0.5844083428382874,1.0,High,Last Chance: Final win-back email + maximum discount
18277,At Risk,57,5,1180.05,236.01,494,108.75,0.5838740468025208,1.0,High,Recovery: Time-limited 30% win-back discount + feedback survey
18045,Lost Customers,44,1,189.4,189.4,44,,0.5837843418121338,1.0,High,Last Chance: Final win-back email + maximum discount
17805,Promising,73,2,927.03,463.515,609,536.0,0.5836517214775085,1.0,High,Urgent Re-engage: 20% discount coupon + highlight new arrivals
13689,Promising,62,2,1259.5,629.75,444,381.0,0.5834815502166748,1.0,High,Urgent Re-engage: 20% discount coupon + highlight new arrivals
15988,Promising,18,3,770.09,256.69666666666666,656,318.5,0.5832194685935974,1.0,High,Urgent Re-engage: 20% discount coupon + highlight new arrivals
17384,Promising,18,3,507.54999999999995,169.1833333333333,466,223.5,0.5830477476119995,1.0,High,Urgent Re-engage: 20% discount coupon + highlight new arrivals
16366,Promising,18,4,1548.13,387.0325,723,234.66666666666666,0.5830477476119995,1.0,High,Urgent Re-engage: 20% discount coupon + highlight new arrivals
17430,Promising,32,4,622.5699999999999,155.64249999999998,479,148.33333333333334,0.5829117298126221,1.0,High,Urgent Re-engage: 20% discount coupon + highlight new arrivals
15286,Lost Customers,49,1,240.55,240.55,49,,0.5828706622123718,1.0,High,Last Chance: Final win-back email + maximum discount
14861,At Risk,51,10,1380.73,138.073,731,75.11111111111111,0.5828241109848022,1.0,High,Recovery: Time-limited 30% win-back discount + feedback survey
14687,At Risk,106,3,1402.06,467.3533333333333,551,222.0,0.5826585292816162,1.0,High,Recovery: Time-limited 30% win-back discount + feedback survey
16519,Promising,24,4,452.56,113.14,647,207.33333333333334,0.5825903415679932,1.0,High,Urgent Re-engage: 20% discount coupon + highlight new arrivals
13814,At Risk,91,3,2257.3199999999997,752.4399999999999,526,216.5,0.5822048783302307,1.0,High,Recovery: Time-limited 30% win-back discount + feedback survey
14089,Lost Customers,56,1,161.0,161.0,56,,0.582169234752655,1.0,High,Last Chance: Final win-back email + maximum discount
13639,At Risk,73,2,1346.27,673.135,436,362.0,0.5820940136909485,1.0,High,Recovery: Time-limited 30% win-back discount + feedback survey
17279,Lost Customers,57,1,187.82999999999998,187.82999999999998,57,,0.5818828344345093,1.0,High,Last Chance: Final win-back email + maximum discount
15335,Lost Customers,53,1,173.97,173.97,53,,0.5816690921783447,1.0,High,Last Chance: Final win-back email + maximum discount
17219,Promising,31,2,259.13,129.565,416,384.0,0.581534206867218,1.0,High,Urgent Re-engage: 20% discount coupon + highlight new arrivals
17999,Promising,36,3,540.56,180.18666666666664,377,170.5,0.5814902782440186,1.0,High,Urgent Re-engage: 20% discount coupon + highlight new arrivals
14485,Promising,38,1,165.75,165.75,38,,0.5811315774917603,1.0,High,Urgent Re-engage: 20% discount coupon + highlight new arrivals
13411,Lost Customers,106,1,213.55,213.55,106,,0.5810954570770264,1.0,High,Last Chance: Final win-back email + maximum discount
13099,Lost Customers,98,1,207.36,207.36,98,,0.5810954570770264,1.0,High,Last Chance: Final win-back email + maximum discount
15307,Lost Customers,95,1,205.3,205.3,95,,0.5810954570770264,1.0,High,Last Chance: Final win-back email + maximum discount
13621,Lost Customers,116,1,213.85,213.85,116,,0.5810954570770264,1.0,High,Last Chance: Final win-back email + maximum discount
14295,At Risk,39,5,2362.91,472.582,731,172.25,0.5809381604194641,1.0,High,Recovery: Time-limited 30% win-back discount + feedback survey
15096,Promising,42,1,219.39000000000001,219.39000000000001,42,,0.5804558992385864,1.0,High,Urgent Re-engage: 20% discount coupon + highlight new arrivals
13169,Promising,63,3,840.0799999999999,280.02666666666664,561,248.5,0.5799999833106995,1.0,High,Urgent Re-engage: 20% discount coupon + highlight new arrivals
13023,At Risk,63,3,1449.03,483.01,528,231.5,0.5799999833106995,1.0,High,Recovery: Time-limited 30% win-back discount + feedback survey
17038,Promising,29,2,743.17,371.585,414,384.0,0.5798308849334717,1.0,High,Urgent Re-engage: 20% discount coupon + highlight new arrivals
12475,Promising,53,2,1149.6399999999999,574.8199999999999,409,356.0,0.5797392129898071,1.0,High,Urgent Re-engage: 20% discount coupon + highlight new arrivals
16666,Promising,18,2,225.94,112.97,620,601.0,0.5796908140182495,1.0,High,Urgent Re-engage: 20% discount coupon + highlight new arrivals
18174,Promising,6,2,162.5,81.25,603,596.0,0.5796908140182495,1.0,High,Urgent Re-engage: 20% discount coupon + highlight new arrivals
17274,Promising,34,2,577.38,288.69,395,360.0,0.5796892046928406,1.0,High,Urgent Re-engage: 20% discount coupon + highlight new arrivals
16595,At Risk,60,5,1810.1799999999998,362.03599999999994,691,157.0,0.579467236995697,1.0,High,Recovery: Time-limited 30% win-back discount + feedback survey
14538,At Risk,64,5,1370.8400000000001,274.168,682,154.0,0.579467236995697,1.0,High,Recovery: Time-limited 30% win-back discount + feedback survey
17489,Promising,58,2,376.64,188.32,212,153.0,0.579467236995697,1.0,High,Urgent Re-engage: 20% discount coupon + highlight new arrivals
14128,Promising,60,3,924.21,308.07,550,245.0,0.5791479349136353,1.0,High,Urgent Re-engage: 20% discount coupon + highlight new arrivals
16017,At Risk,46,5,1553.83,310.76599999999996,703,163.5,0.5787269473075867,1.0,High,Recovery: Time-limited 30% win-back discount + feedback survey
15847,Promising,37,5,822.57,164.514,641,150.25,0.5786153674125671,1.0,High,Urgent Re-engage: 20% discount coupon + highlight new arrivals
13419,Lost Customers,63,1,221.06,221.06,63,,0.5785501003265381,1.0,High,Last Chance: Final win-back email + maximum discount
16591,Lost Customers,68,1,213.5,213.5,68,,0.5785501003265381,1.0,High,Last Chance: Final win-back email + maximum discount
15175,Lost Customers,71,1,224.14,224.14,71,,0.5785501003265381,1.0,High,Last Chance: Final win-back email + maximum discount
18126,Lost Customers,60,1,206.83,206.83,60,,0.5785501003265381,1.0,High,Last Chance: Final win-back email + maximum discount
16179,Lost Customers,60,1,215.83,215.83,60,,0.5785501003265381,1.0,High,Last Chance: Final win-back email + maximum discount
16753,Lost Customers,57,1,223.92000000000002,223.92000000000002,57,,0.5785501003265381,1.0,High,Last Chance: Final win-back email + maximum discount
15593,Lost Customers,70,1,199.8,199.8,70,,0.5785501003265381,1.0,High,Last Chance: Final win-back email + maximum discount
18169,Lost Customers,60,1,202.65,202.65,60,,0.5785501003265381,1.0,High,Last Chance: Final win-back email + maximum discount
12995,Lost Customers,84,1,211.32,211.32,84,,0.5785501003265381,1.0,High,Last Chance: Final win-back email + maximum discount
12581,Promising,39,1,197.71,197.71,39,,0.5782080888748169,1.0,High,Urgent Re-engage: 20% discount coupon + highlight new arrivals
17166,Promising,38,2,206.34,103.17,203,165.0,0.5781566500663757,1.0,High,Urgent Re-engage: 20% discount coupon + highlight new arrivals
15018,Promising,38,3,496.21000000000004,165.40333333333334,367,164.0,0.5781183242797852,1.0,High,Urgent Re-engage: 20% discount coupon + highlight new arrivals
13188,Promising,10,1,114.6,114.6,10,,0.5780557990074158,1.0,High,Urgent Re-engage: 20% discount coupon + highlight new arrivals
14641,Promising,21,1,110.46000000000001,110.46000000000001,21,,0.5780557990074158,1.0,High,Urgent Re-engage: 20% discount coupon + highlight new arrivals
12938,Promising,25,1,114.14,114.14,25,,0.5780557990074158,1.0,High,Urgent Re-engage: 20% discount coupon + highlight new arrivals
15168,Promising,25,1,106.56,106.56,25,,0.5780557990074158,1.0,High,Urgent Re-engage: 20% discount coupon + highlight new arrivals
14946,Promising,13,1,100.9,100.9,13,,0.5780557990074158,1.0,High,Urgent Re-engage: 20% discount coupon + highlight new arrivals
14714,Promising,23,4,906.24,226.56,687,220.66666666666666,0.577846348285675,1.0,High,Urgent Re-engage: 20% discount coupon + highlight new arrivals
15637,At Risk,52,5,797.59,159.518,723,167.5,0.5777618885040283,1.0,High,Recovery: Time-limited 30% win-back discount + feedback survey
17947,Promising,36,1,176.68,176.68,36,,0.5776808261871338,1.0,High,Urgent Re-engage: 20% discount coupon + highlight new arrivals
18084,Promising,15,3,812.9300000000001,270.9766666666667,388,185.5,0.5773372054100037,1.0,High,Urgent Re-engage: 20% discount coupon + highlight new arrivals
13402,At Risk,126,4,1226.85,306.7125,564,145.0,0.5769934058189392,1.0,High,Recovery: Time-limited 30% win-back discount + feedback survey
17462,Promising,59,2,675.6899999999999,337.84499999999997,283,223.0,0.5768205523490906,1.0,High,Urgent Re-engage: 20% discount coupon + highlight new arrivals
16573,Promising,84,2,663.61,331.805,289,205.0,0.5768205523490906,1.0,High,Urgent Re-engage: 20% discount coupon + highlight new arrivals
17878,Promising,43,3,1412.33,470.77666666666664,394,175.5,0.5768178105354309,1.0,High,Urgent Re-engage: 20% discount coupon + highlight new arrivals
12492,Promising,62,3,715.21,238.40333333333334,402,169.5,0.5767763257026672,1.0,High,Urgent Re-engage: 20% discount coupon + highlight new arrivals
16723,At Risk,90,4,1301.63,325.4075,734,214.33333333333334,0.576550304889679,1.0,High,Recovery: Time-limited 30% win-back discount + feedback survey
16340,At Risk,106,3,1526.06,508.68666666666667,550,221.5,0.576550304889679,1.0,High,Recovery: Time-limited 30% win-back discount + feedback survey
13233,At Risk,73,4,1176.46,294.115,693,206.0,0.576550304889679,1.0,High,Recovery: Time-limited 30% win-back discount + feedback survey
16667,Promising,67,2,570.13,285.065,283,216.0,0.576550304889679,1.0,High,Urgent Re-engage: 20% discount coupon + highlight new arrivals
15124,Promising,22,4,450.82,112.705,651,209.33333333333334,0.5762441158294678,1.0,High,Urgent Re-engage: 20% discount coupon + highlight new arrivals
17760,Promising,21,6,746.39,124.39833333333333,649,125.2,0.5759645104408264,1.0,High,Urgent Re-engage: 20% discount coupon + highlight new arrivals
12497,At Risk,81,3,6248.5,2082.8333333333335,644,281.0,0.5757355690002441,1.0,High,Recovery: Time-limited 30% win-back discount + feedback survey
18040,Promising,18,2,357.20000000000005,178.60000000000002,245,226.0,0.575357973575592,1.0,High,Urgent Re-engage: 20% discount coupon + highlight new arrivals
13858,Lost Customers,56,1,216.17000000000002,216.17000000000002,56,,0.5753371715545654,1.0,High,Last Chance: Final win-back email + maximum discount
13669,Promising,50,3,413.54999999999995,137.85,406,177.5,0.5751748085021973,1.0,High,Urgent Re-engage: 20% discount coupon + highlight new arrivals
15886,At Risk,59,4,1052.8700000000001,263.21750000000003,597,179.0,0.5748813152313232,1.0,High,Recovery: Time-limited 30% win-back discount + feedback survey
12588,Promising,38,4,958.78,239.695,597,186.0,0.574603259563446,1.0,High,Urgent Re-engage: 20% discount coupon + highlight new arrivals
18066,At Risk,74,3,1440.4,480.1333333333334,415,169.5,0.5745803713798523,1.0,High,Recovery: Time-limited 30% win-back discount + feedback survey
16485,At Risk,76,5,2294.68,458.936,733,163.75,0.5745803713798523,1.0,High,Recovery: Time-limited 30% win-back discount + feedback survey
13602,At Risk,64,4,1025.17,256.2925,560,165.0,0.5745803713798523,1.0,High,Recovery: Time-limited 30% win-back discount + feedback survey
17134,At Risk,106,3,637.1,212.36666666666667,441,167.0,0.5745803713798523,1.0,High,Recovery: Time-limited 30% win-back discount + feedback survey
13919,At Risk,58,4,1360.68,340.17,540,160.0,0.5745803713798523,1.0,High,Recovery: Time-limited 30% win-back discount + feedback survey
14379,Promising,43,4,1268.9099999999999,317.22749999999996,479,145.0,0.5744990706443787,1.0,High,Urgent Re-engage: 20% discount coupon + highlight new arrivals
16385,At Risk,59,5,882.38,176.476,631,142.25,0.5743881464004517,1.0,High,Recovery: Time-limited 30% win-back discount + feedback survey
14139,Promising,45,4,1086.8,271.7,542,165.0,0.5740008354187012,1.0,High,Urgent Re-engage: 20% discount coupon + highlight new arrivals
17206,Lost Customers,52,1,204.24,204.24,52,,0.5737903714179993,1.0,High,Last Chance: Final win-back email + maximum discount
15327,Lost Customers,52,1,208.75,208.75,52,,0.5737903714179993,1.0,High,Last Chance: Final win-back email + maximum discount
15604,Lost Customers,51,1,216.39000000000001,216.39000000000001,51,,0.5737903714179993,1.0,High,Last Chance: Final win-back email + maximum discount
15930,Lost Customers,66,1,426.63,426.63,66,,0.5735530257225037,1.0,High,Last Chance: Final win-back email + maximum discount
12740,Lost Customers,63,1,427.6,427.6,63,,0.5735530257225037,1.0,High,Last Chance: Final win-back email + maximum discount
14272,At Risk,73,4,920.8100000000001,230.20250000000001,581,169.0,0.5732903480529785,1.0,High,Recovery: Time-limited 30% win-back discount + feedback survey
15746,Lost Customers,133,1,196.88,196.88,133,,0.5732706785202026,1.0,High,Last Chance: Final win-back email + maximum discount
15006,Promising,50,2,825.14,412.57,452,402.0,0.572780430316925,1.0,High,Urgent Re-engage: 20% discount coupon + highlight new arrivals
13962,Promising,21,3,362.8,120.93333333333334,435,206.5,0.5726175904273987,1.0,High,Urgent Re-engage: 20% discount coupon + highlight new arrivals
12430,Promising,42,1,256.4,256.4,42,,0.5724438428878784,1.0,High,Urgent Re-engage: 20% discount coupon + highlight new arrivals
15320,Promising,43,1,267.13,267.13,43,,0.5724438428878784,1.0,High,Urgent Re-engage: 20% discount coupon + highlight new arrivals
13422,Promising,63,1,2626.3,2626.3,63,,0.5723328590393066,1.0,High,Urgent Re-engage: 20% discount coupon + highlight new arrivals
16236,Lost Customers,77,1,432.2,432.2,77,,0.5722622275352478,1.0,High,Last Chance: Final win-back email + maximum discount
15553,Promising,59,1,437.23,437.23,59,,0.5722622275352478,1.0,High,Urgent Re-engage: 20% discount coupon + highlight new arrivals
16881,Lost Customers,66,1,432.0,432.0,66,,0.5722622275352478,1.0,High,Last Chance: Final win-back email + maximum discount
12579,Lost Customers,77,1,440.42,440.42,77,,0.5722622275352478,1.0,High,Last Chance: Final win-back email + maximum discount
15850,Promising,18,6,1058.72,176.45333333333335,725,140.8,0.5719494223594666,1.0,High,Urgent Re-engage: 20% discount coupon + highlight new arrivals
15393,Promising,15,5,891.34,178.268,723,176.25,0.5719398260116577,1.0,High,Urgent Re-engage: 20% discount coupon + highlight new arrivals
16914,Promising,35,1,208.46,208.46,35,,0.5713329315185547,1.0,High,Urgent Re-engage: 20% discount coupon + highlight new arrivals
13271,Promising,36,1,217.38,217.38,36,,0.5713329315185547,1.0,High,Urgent Re-engage: 20% discount coupon + highlight new arrivals
16720,Promising,25,3,795.48,265.16,721,347.5,0.5712276101112366,1.0,High,Urgent Re-engage: 20% discount coupon + highlight new arrivals
16569,Promising,2,5,1455.23,291.046,722,179.5,0.5712155699729919,1.0,High,Urgent Re-engage: 20% discount coupon + highlight new arrivals
13792,Promising,65,3,383.95000000000005,127.98333333333335,422,178.0,0.5711309313774109,1.0,High,Urgent Re-engage: 20% discount coupon + highlight new arrivals
16863,Promising,30,3,834.27,278.09,409,188.5,0.5710290670394897,1.0,High,Urgent Re-engage: 20% discount coupon + highlight new arrivals
16386,Promising,28,3,1102.5900000000001,367.53000000000003,387,179.5,0.5710290670394897,1.0,High,Urgent Re-engage: 20% discount coupon + highlight new arrivals
12844,Promising,28,4,648.6,162.15,593,187.66666666666666,0.5710290670394897,1.0,High,Urgent Re-engage: 20% discount coupon + highlight new arrivals
12871,At Risk,83,3,744.02,248.00666666666666,439,177.5,0.5710192322731018,1.0,High,Recovery: Time-limited 30% win-back discount + feedback survey
14801,Lost Customers,60,1,193.14,193.14,60,,0.5707129240036011,1.0,High,Last Chance: Final win-back email + maximum discount
17475,Lost Customers,78,1,194.37,194.37,78,,0.5707129240036011,1.0,High,Last Chance: Final win-back email + maximum discount
14204,Promising,1,4,1062.96,265.74,736,244.66666666666666,0.5706179141998291,1.0,High,Urgent Re-engage: 20% discount coupon + highlight new arrivals
15035,Lost Customers,89,1,252.73000000000002,252.73000000000002,89,,0.5705286264419556,1.0,High,Last Chance: Final win-back email + maximum discount
13127,Lost Customers,77,1,259.17,259.17,77,,0.5705286264419556,1.0,High,Last Chance: Final win-back email + maximum discount
13806,Lost Customers,63,1,256.38,256.38,63,,0.5705286264419556,1.0,High,Last Chance: Final win-back email + maximum discount
13061,Lost Customers,71,1,248.61,248.61,71,,0.5705286264419556,1.0,High,Last Chance: Final win-back email + maximum discount
13645,Lost Customers,119,1,252.1,252.1,119,,0.5705286264419556,1.0,High,Last Chance: Final win-back email + maximum discount
16127,Promising,38,2,801.31,400.655,726,687.0,0.5704746246337891,1.0,High,Urgent Re-engage: 20% discount coupon + highlight new arrivals
14150,Promising,35,2,658.64,329.32,359,324.0,0.5704746246337891,1.0,High,Urgent Re-engage: 20% discount coupon + highlight new arrivals
15677,Promising,48,3,1305.63,435.21000000000004,463,207.0,0.5704335570335388,1.0,High,Urgent Re-engage: 20% discount coupon + highlight new arrivals
17468,Promising,9,3,194.8,64.93333333333334,374,182.0,0.5702111721038818,1.0,High,Urgent Re-engage: 20% discount coupon + highlight new arrivals
15360,Promising,39,1,427.93,427.93,39,,0.5697451233863831,1.0,High,Urgent Re-engage: 20% discount coupon + highlight new arrivals
16852,Promising,9,2,144.91,72.455,175,165.0,0.5695623159408569,1.0,High,Urgent Re-engage: 20% discount coupon + highlight new arrivals
16777,At Risk,79,5,1307.76,261.552,632,137.25,0.5692347288131714,1.0,High,Recovery: Time-limited 30% win-back discount + feedback survey
16690,Promising,71,4,353.03000000000003,88.25750000000001,450,126.0,0.5692347288131714,1.0,High,Urgent Re-engage: 20% discount coupon + highlight new arrivals
18015,Promising,3,1,120.03,120.03,3,,0.5689865350723267,1.0,High,Urgent Re-engage: 20% discount coupon + highlight new arrivals
16836,Promising,39,4,782.37,195.5925,573,177.33333333333334,0.568841814994812,1.0,High,Urgent Re-engage: 20% discount coupon + highlight new arrivals
16596,Promising,15,4,458.98,114.745,728,237.33333333333334,0.5685571432113647,1.0,High,Urgent Re-engage: 20% discount coupon + highlight new arrivals
13670,Lost Customers,74,1,349.7,349.7,74,,0.5683245658874512,1.0,High,Last Chance: Final win-back email + maximum discount
13923,Promising,53,1,351.13,351.13,53,,0.5683245658874512,1.0,High,Urgent Re-engage: 20% discount coupon + highlight new arrivals
14333,Lost Customers,67,1,415.2,415.2,67,,0.5683245658874512,1.0,High,Last Chance: Final win-back email + maximum discount
16909,Lost Customers,71,1,379.14,379.14,71,,0.5683245658874512,1.0,High,Last Chance: Final win-back email + maximum discount
14757,Lost Customers,74,1,420.5,420.5,74,,0.5683245658874512,1.0,High,Last Chance: Final win-back email + maximum discount
13347,Lost Customers,69,1,341.36,341.36,69,,0.5683245658874512,1.0,High,Last Chance: Final win-back email + maximum discount
13351,Lost Customers,65,1,373.94,373.94,65,,0.5683245658874512,1.0,High,Last Chance: Final win-back email + maximum discount
13352,Promising,59,1,397.98,397.98,59,,0.5683245658874512,1.0,High,Urgent Re-engage: 20% discount coupon + highlight new arrivals
13845,Lost Customers,64,1,312.98,312.98,64,,0.5683245658874512,1.0,High,Last Chance: Final win-back email + maximum discount
13801,Lost Customers,66,1,324.8,324.8,66,,0.5683245658874512,1.0,High,Last Chance: Final win-back email + maximum discount
13774,Lost Customers,81,1,345.0,345.0,81,,0.5683245658874512,1.0,High,Last Chance: Final win-back email + maximum discount
16582,Lost Customers,112,1,313.62,313.62,112,,0.5683245658874512,1.0,High,Last Chance: Final win-back email + maximum discount
16627,Lost Customers,78,1,322.8,322.8,78,,0.5683245658874512,1.0,High,Last Chance: Final win-back email + maximum discount
16052,Promising,53,1,362.06,362.06,53,,0.5683245658874512,1.0,High,Urgent Re-engage: 20% discount coupon + highlight new arrivals
15099,Lost Customers,83,1,410.48,410.48,83,,0.5683245658874512,1.0,High,Last Chance: Final win-back email + maximum discount
15942,Lost Customers,133,1,337.44,337.44,133,,0.5683245658874512,1.0,High,Last Chance: Final win-back email + maximum discount
15975,Lost Customers,83,1,371.01,371.01,83,,0.5683245658874512,1.0,High,Last Chance: Final win-back email + maximum discount
12715,Lost Customers,105,1,353.86,353.86,105,,0.5683245658874512,1.0,High,Last Chance: Final win-back email + maximum discount
12566,Lost Customers,85,1,351.65,351.65,85,,0.5683245658874512,1.0,High,Last Chance: Final win-back email + maximum discount
16272,Lost Customers,116,1,411.7,411.7,116,,0.5683245658874512,1.0,High,Last Chance: Final win-back email + maximum discount
16803,Lost Customers,64,1,332.3,332.3,64,,0.5683245658874512,1.0,High,Last Chance: Final win-back email + maximum discount
16758,Lost Customers,64,1,369.34000000000003,369.34000000000003,64,,0.5683245658874512,1.0,High,Last Chance: Final win-back email + maximum discount
15120,Lost Customers,133,1,358.82,358.82,133,,0.5683245658874512,1.0,High,Last Chance: Final win-back email + maximum discount
17614,Promising,56,1,390.07,390.07,56,,0.5683245658874512,1.0,High,Urgent Re-engage: 20% discount coupon + highlight new arrivals
13210,Lost Customers,93,1,353.48,353.48,93,,0.5683245658874512,1.0,High,Last Chance: Final win-back email + maximum discount
12824,Promising,59,1,397.12,397.12,59,,0.5683245658874512,1.0,High,Urgent Re-engage: 20% discount coupon + highlight new arrivals
13372,Lost Customers,89,1,378.64,378.64,89,,0.5683245658874512,1.0,High,Last Chance: Final win-back email + maximum discount
13228,Lost Customers,80,1,358.0,358.0,80,,0.5683245658874512,1.0,High,Last Chance: Final win-back email + maximum discount
16982,Lost Customers,60,1,384.06,384.06,60,,0.5683245658874512,1.0,High,Last Chance: Final win-back email + maximum discount
17154,Lost Customers,74,1,329.34,329.34,74,,0.5683245658874512,1.0,High,Last Chance: Final win-back email + maximum discount
14196,Lost Customers,106,1,335.52,335.52,106,,0.5683245658874512,1.0,High,Last Chance: Final win-back email + maximum discount
14124,Lost Customers,83,1,419.58,419.58,83,,0.5683245658874512,1.0,High,Last Chance: Final win-back email + maximum discount
15472,Lost Customers,112,1,371.56,371.56,112,,0.5683245658874512,1.0,High,Last Chance: Final win-back email + maximum discount
15343,Lost Customers,86,1,364.5,364.5,86,,0.5683245658874512,1.0,High,Last Chance: Final win-back email + maximum discount
15342,Lost Customers,129,1,406.09000000000003,406.09000000000003,129,,0.5683245658874512,1.0,High,Last Chance: Final win-back email + maximum discount
16761,Lost Customers,96,1,316.62,316.62,96,,0.5683245658874512,1.0,High,Last Chance: Final win-back email + maximum discount
17256,At Risk,106,5,498.93,99.786,599,122.75,0.5683193802833557,1.0,High,Recovery: Time-limited 30% win-back discount + feedback survey
12752,At Risk,80,1,4366.78,4366.78,80,,0.5680297613143921,1.0,High,Recovery: Time-limited 30% win-back discount + feedback survey
12966,Promising,9,1,160.18,160.18,9,,0.5679209232330322,1.0,High,Urgent Re-engage: 20% discount coupon + highlight new arrivals
12750,Lost Customers,128,1,275.88,275.88,128,,0.5677861571311951,1.0,High,Last Chance: Final win-back email + maximum discount
16429,Lost Customers,105,1,284.55,284.55,105,,0.5677861571311951,1.0,High,Last Chance: Final win-back email + maximum discount
16432,Lost Customers,63,1,287.40000000000003,287.40000000000003,63,,0.5677861571311951,1.0,High,Last Chance: Final win-back email + maximum discount
17498,Lost Customers,75,1,272.21999999999997,272.21999999999997,75,,0.5677861571311951,1.0,High,Last Chance: Final win-back email + maximum discount
13832,Promising,18,2,613.69,306.845,421,403.0,0.5675963759422302,1.0,High,Urgent Re-engage: 20% discount coupon + highlight new arrivals
13403,Promising,17,3,229.5,76.5,722,352.0,0.5675963759422302,1.0,High,Urgent Re-engage: 20% discount coupon + highlight new arrivals
14452,Promising,10,4,665.59,166.3975,520,170.0,0.5672591328620911,1.0,High,Urgent Re-engage: 20% discount coupon + highlight new arrivals
16491,Promising,46,2,1533.1599999999999,766.5799999999999,412,366.0,0.5671573877334595,1.0,High,Urgent Re-engage: 20% discount coupon + highlight new arrivals
16149,Promising,4,3,422.22,140.74,428,211.5,0.5670304894447327,1.0,High,Urgent Re-engage: 20% discount coupon + highlight new arrivals
13388,At Risk,130,3,1185.6499999999999,395.21666666666664,603,236.0,0.5669041872024536,1.0,High,Recovery: Time-limited 30% win-back discount + feedback survey
14362,Promising,21,1,161.2,161.2,21,,0.5668433904647827,1.0,High,Urgent Re-engage: 20% discount coupon + highlight new arrivals
13603,Promising,25,1,164.34,164.34,25,,0.5668433904647827,1.0,High,Urgent Re-engage: 20% discount coupon + highlight new arrivals
17600,Promising,17,1,161.67000000000002,161.67000000000002,17,,0.5668433904647827,1.0,High,Urgent Re-engage: 20% discount coupon + highlight new arrivals
15345,Promising,45,1,393.54,393.54,45,,0.5667715072631836,1.0,High,Urgent Re-engage: 20% discount coupon + highlight new arrivals
16826,Promising,50,1,341.7,341.7,50,,0.5667715072631836,1.0,High,Urgent Re-engage: 20% discount coupon + highlight new arrivals
15592,Promising,46,1,388.58,388.58,46,,0.5667715072631836,1.0,High,Urgent Re-engage: 20% discount coupon + highlight new arrivals
18240,Promising,45,1,422.58,422.58,45,,0.5667715072631836,1.0,High,Urgent Re-engage: 20% discount coupon + highlight new arrivals
14752,Promising,43,1,389.64000000000004,389.64000000000004,43,,0.5667715072631836,1.0,High,Urgent Re-engage: 20% discount coupon + highlight new arrivals
17839,Promising,41,1,338.8,338.8,41,,0.5667715072631836,1.0,High,Urgent Re-engage: 20% discount coupon + highlight new arrivals
17973,Promising,51,1,337.04,337.04,51,,0.5667715072631836,1.0,High,Urgent Re-engage: 20% discount coupon + highlight new arrivals
14014,At Risk,76,3,1948.2099999999998,649.4033333333333,576,249.0,0.5666323900222778,1.0,High,Recovery: Time-limited 30% win-back discount + feedback survey
18073,At Risk,113,12,3877.5200000000004,323.1266666666667,196,7.181818181818182,0.5665249824523926,1.0,High,Recovery: Time-limited 30% win-back discount + feedback survey
14960,Promising,7,2,221.26999999999998,110.63499999999999,170,162.0,0.5663776397705078,1.0,High,Urgent Re-engage: 20% discount coupon + highlight new arrivals
18101,Promising,10,5,629.16,125.832,673,165.25,0.5663776397705078,1.0,High,Urgent Re-engage: 20% discount coupon + highlight new arrivals
14830,Lost Customers,52,1,197.13,197.13,52,,0.5659311413764954,1.0,High,Last Chance: Final win-back email + maximum discount
17125,Lost Customers,49,1,259.35,259.35,49,,0.5657462477684021,1.0,High,Last Chance: Final win-back email + maximum discount
13917,Promising,49,2,272.03999999999996,136.01999999999998,191,141.0,0.564662754535675,1.0,High,Urgent Re-engage: 20% discount coupon + highlight new arrivals
16835,At Risk,127,6,1456.66,242.77666666666667,569,87.8,0.5645365118980408,1.0,High,Recovery: Time-limited 30% win-back discount + feedback survey
18067,Promising,39,1,396.33,396.33,39,,0.564505398273468,1.0,High,Urgent Re-engage: 20% discount coupon + highlight new arrivals
13721,Promising,35,2,741.54,370.77,394,358.0,0.5642465949058533,1.0,High,Urgent Re-engage: 20% discount coupon + highlight new arrivals
12944,Promising,35,2,604.51,302.255,354,319.0,0.5642465949058533,1.0,High,Urgent Re-engage: 20% discount coupon + highlight new arrivals
14474,Promising,45,2,1278.08,639.04,579,533.0,0.5642465949058533,1.0,High,Urgent Re-engage: 20% discount coupon + highlight new arrivals
16345,Promising,43,2,1198.74,599.37,482,438.0,0.5642465949058533,1.0,High,Urgent Re-engage: 20% discount coupon + highlight new arrivals
16602,Promising,35,2,763.33,381.665,388,352.0,0.5642465949058533,1.0,High,Urgent Re-engage: 20% discount coupon + highlight new arrivals
15121,Promising,49,2,457.71999999999997,228.85999999999999,288,238.0,0.5641701221466064,1.0,High,Urgent Re-engage: 20% discount coupon + highlight new arrivals
17608,Promising,32,4,498.53,124.6325,606,191.0,0.5641034245491028,1.0,High,Urgent Re-engage: 20% discount coupon + highlight new arrivals
16808,Lost Customers,98,2,288.42,144.21,273,175.0,0.564099907875061,1.0,High,Last Chance: Final win-back email + maximum discount
13972,Lost Customers,70,2,190.25,95.125,201,131.0,0.5634501576423645,1.0,High,Last Chance: Final win-back email + maximum discount
16861,At Risk,59,5,946.59,189.318,508,111.75,0.5634501576423645,1.0,High,Recovery: Time-limited 30% win-back discount + feedback survey
16884,Promising,37,4,1073.92,268.48,570,177.33333333333334,0.5630269050598145,1.0,High,Urgent Re-engage: 20% discount coupon + highlight new arrivals
14764,Promising,46,1,278.3,278.3,46,,0.5629966855049133,1.0,High,Urgent Re-engage: 20% discount coupon + highlight new arrivals
14966,Promising,14,6,1115.84,185.97333333333333,723,141.6,0.5629842877388,1.0,High,Urgent Re-engage: 20% discount coupon + highlight new arrivals
17917,Promising,44,3,341.28,113.75999999999999,362,158.0,0.5629206299781799,1.0,High,Urgent Re-engage: 20% discount coupon + highlight new arrivals
12604,Lost Customers,78,2,254.18,127.09,261,182.0,0.5627416968345642,1.0,High,Last Chance: Final win-back email + maximum discount
12586,Promising,16,4,2062.67,515.6675,722,235.0,0.5625657439231873,1.0,High,Urgent Re-engage: 20% discount coupon + highlight new arrivals
14480,Promising,10,4,1299.52,324.88,717,235.33333333333334,0.5618070960044861,1.0,High,Urgent Re-engage: 20% discount coupon + highlight new arrivals
18274,Promising,29,1,175.92,175.92,29,,0.5616953372955322,1.0,High,Urgent Re-engage: 20% discount coupon + highlight new arrivals
18014,Promising,27,1,166.42,166.42,27,,0.5616953372955322,1.0,High,Urgent Re-engage: 20% discount coupon + highlight new arrivals
14951,Lost Customers,78,1,311.69,311.69,78,,0.5613951683044434,1.0,High,Last Chance: Final win-back email + maximum discount
12884,Lost Customers,87,1,309.05,309.05,87,,0.5613951683044434,1.0,High,Last Chance: Final win-back email + maximum discount
13504,Lost Customers,63,1,295.93,295.93,63,,0.5613951683044434,1.0,High,Last Chance: Final win-back email + maximum discount
17506,Lost Customers,75,1,302.2,302.2,75,,0.5613951683044434,1.0,High,Last Chance: Final win-back email + maximum discount
16796,Lost Customers,88,1,305.62,305.62,88,,0.5613951683044434,1.0,High,Last Chance: Final win-back email + maximum discount
16181,Lost Customers,72,1,305.54,305.54,72,,0.5613951683044434,1.0,High,Last Chance: Final win-back email + maximum discount
15185,Lost Customers,69,1,310.62,310.62,69,,0.5613951683044434,1.0,High,Last Chance: Final win-back email + maximum discount
16778,Lost Customers,73,2,245.94,122.97,273,199.0,0.5613124370574951,1.0,High,Last Chance: Final win-back email + maximum discount
14356,Promising,79,2,701.23,350.615,80,1.0,0.5612068772315979,1.0,High,Urgent Re-engage: 20% discount coupon + highlight new arrivals
15992,Promising,3,3,896.6,298.8666666666667,453,224.5,0.5605218410491943,1.0,High,Urgent Re-engage: 20% discount coupon + highlight new arrivals
13532,Promising,33,1,210.31,210.31,33,,0.5604551434516907,1.0,High,Urgent Re-engage: 20% discount coupon + highlight new arrivals
16620,Promising,3,6,1758.93,293.15500000000003,737,146.6,0.5602053999900818,1.0,High,Urgent Re-engage: 20% discount coupon + highlight new arrivals
13503,At Risk,70,6,1905.39,317.565,660,117.6,0.5600816011428833,1.0,High,Recovery: Time-limited 30% win-back discount + feedback survey
16080,At Risk,81,4,602.56,150.64,449,122.33333333333333,0.5600816011428833,1.0,High,Recovery: Time-limited 30% win-back discount + feedback survey
17198,Promising,23,3,692.22,230.74,370,173.0,0.5599254965782166,1.0,High,Urgent Re-engage: 20% discount coupon + highlight new arrivals
16123,Promising,51,1,307.78000000000003,307.78000000000003,51,,0.5598364472389221,1.0,High,Urgent Re-engage: 20% discount coupon + highlight new arrivals
17824,Promising,50,1,298.4,298.4,50,,0.5598364472389221,1.0,High,Urgent Re-engage: 20% discount coupon + highlight new arrivals
13416,Promising,43,3,940.8,313.59999999999997,735,346.0,0.5597610473632812,1.0,High,Urgent Re-engage: 20% discount coupon + highlight new arrivals
16441,At Risk,66,5,1034.43,206.88600000000002,626,139.75,0.5596505999565125,1.0,High,Recovery: Time-limited 30% win-back discount + feedback survey
13000,At Risk,106,4,1032.5,258.125,724,205.66666666666666,0.5594911575317383,1.0,High,Recovery: Time-limited 30% win-back discount + feedback survey
14382,Promising,25,2,1246.8000000000002,623.4000000000001,389,363.0,0.5593870878219604,1.0,High,Urgent Re-engage: 20% discount coupon + highlight new arrivals
17436,Promising,1,5,534.0600000000001,106.81200000000001,732,182.25,0.5591704249382019,1.0,High,Urgent Re-engage: 20% discount coupon + highlight new arrivals
17022,Promising,30,2,260.0,130.0,432,401.0,0.5591064691543579,1.0,High,Urgent Re-engage: 20% discount coupon + highlight new arrivals
12378,At Risk,129,2,5416.32,2708.16,561,432.0,0.5588988661766052,1.0,High,Recovery: Time-limited 30% win-back discount + feedback survey
17733,Promising,38,2,692.19,346.095,261,222.0,0.5588669180870056,1.0,High,Urgent Re-engage: 20% discount coupon + highlight new arrivals
13146,Promising,25,1,228.91,228.91,25,,0.5587610602378845,1.0,High,Urgent Re-engage: 20% discount coupon + highlight new arrivals
15692,Promising,27,1,191.04,191.04,27,,0.5586685538291931,1.0,High,Urgent Re-engage: 20% discount coupon + highlight new arrivals
12893,Promising,30,1,188.14,188.14,30,,0.5586685538291931,1.0,High,Urgent Re-engage: 20% discount coupon + highlight new arrivals
12920,Promising,16,4,488.09000000000003,122.02250000000001,724,235.66666666666666,0.5580862164497375,1.0,High,Urgent Re-engage: 20% discount coupon + highlight new arrivals
14965,Lost Customers,95,2,599.0,299.5,95,0.0,0.5579396486282349,1.0,High,Last Chance: Final win-back email + maximum discount
16971,Promising,37,1,357.21,357.21,37,,0.5575777888298035,1.0,High,Urgent Re-engage: 20% discount coupon + highlight new arrivals
14528,Promising,36,1,364.21999999999997,364.21999999999997,36,,0.5575777888298035,1.0,High,Urgent Re-engage: 20% discount coupon + highlight new arrivals
18164,Promising,36,1,399.65,399.65,36,,0.5575777888298035,1.0,High,Urgent Re-engage: 20% discount coupon + highlight new arrivals
12544,Promising,35,1,372.7,372.7,35,,0.5575777888298035,1.0,High,Urgent Re-engage: 20% discount coupon + highlight new arrivals
15667,Promising,39,1,301.32000000000005,301.32000000000005,39,,0.5575624108314514,1.0,High,Urgent Re-engage: 20% discount coupon + highlight new arrivals
16024,Promising,11,3,484.20000000000005,161.4,411,199.5,0.5570438504219055,1.0,High,Urgent Re-engage: 20% discount coupon + highlight new arrivals
13207,Promising,14,4,535.86,133.965,611,198.33333333333334,0.5570438504219055,1.0,High,Urgent Re-engage: 20% discount coupon + highlight new arrivals
13565,Promising,18,3,414.79999999999995,138.26666666666665,410,195.5,0.5570242404937744,1.0,High,Urgent Re-engage: 20% discount coupon + highlight new arrivals
14284,Promising,30,3,1299.65,433.2166666666667,653,311.0,0.5568394064903259,1.0,High,Urgent Re-engage: 20% discount coupon + highlight new arrivals
17561,Promising,18,4,722.3399999999999,180.58499999999998,732,237.33333333333334,0.5565989017486572,1.0,High,Urgent Re-engage: 20% discount coupon + highlight new arrivals
12390,Lost Customers,79,1,549.84,549.84,79,,0.5564481616020203,1.0,High,Last Chance: Final win-back email + maximum discount
16536,Lost Customers,109,1,548.97,548.97,109,,0.5564481616020203,1.0,High,Last Chance: Final win-back email + maximum discount
12667,Promising,57,1,620.13,620.13,57,,0.5564481616020203,1.0,High,Urgent Re-engage: 20% discount coupon + highlight new arrivals
12513,Lost Customers,112,1,612.29,612.29,112,,0.5564481616020203,1.0,High,Last Chance: Final win-back email + maximum discount
16613,Promising,69,1,618.59,618.59,69,,0.5564481616020203,1.0,High,Urgent Re-engage: 20% discount coupon + highlight new arrivals
12420,Promising,63,1,600.39,600.39,63,,0.5564481616020203,1.0,High,Urgent Re-engage: 20% discount coupon + highlight new arrivals
13390,Lost Customers,74,1,544.08,544.08,74,,0.5564481616020203,1.0,High,Last Chance: Final win-back email + maximum discount
13260,Promising,60,1,557.62,557.62,60,,0.5564481616020203,1.0,High,Urgent Re-engage: 20% discount coupon + highlight new arrivals
18181,Promising,23,5,1205.94,241.18800000000002,734,177.25,0.5563364028930664,1.0,High,Urgent Re-engage: 20% discount coupon + highlight new arrivals
15163,Promising,17,2,304.47,152.235,191,173.0,0.5559740662574768,1.0,High,Urgent Re-engage: 20% discount coupon + highlight new arrivals
17919,At Risk,87,2,1840.32,920.16,438,350.0,0.5557758808135986,1.0,High,Recovery: Time-limited 30% win-back discount + feedback survey
17537,Promising,29,2,897.6200000000001,448.81000000000006,302,273.0,0.5550694465637207,1.0,High,Urgent Re-engage: 20% discount coupon + highlight new arrivals
15783,Promising,10,1,246.3,246.3,10,,0.5547000765800476,1.0,High,Urgent Re-engage: 20% discount coupon + highlight new arrivals
12660,Promising,10,1,245.10000000000002,245.10000000000002,10,,0.5547000765800476,1.0,High,Urgent Re-engage: 20% discount coupon + highlight new arrivals
13349,Promising,10,1,247.32,247.32,10,,0.5547000765800476,1.0,High,Urgent Re-engage: 20% discount coupon + highlight new arrivals
16399,Promising,18,3,641.8199999999999,213.93999999999997,388,184.5,0.554690420627594,1.0,High,Urgent Re-engage: 20% discount coupon + highlight new arrivals
14716,Promising,42,3,565.45,188.48333333333335,444,200.5,0.5546895861625671,1.0,High,Urgent Re-engage: 20% discount coupon + highlight new arrivals
16071,Promising,44,4,1076.8000000000002,269.20000000000005,654,203.0,0.5546895861625671,1.0,High,Urgent Re-engage: 20% discount coupon + highlight new arrivals
15664,At Risk,50,4,1254.03,313.5075,649,199.0,0.5546895861625671,1.0,High,Recovery: Time-limited 30% win-back discount + feedback survey
15957,Promising,31,3,930.0999999999999,310.0333333333333,420,194.0,0.5541142225265503,1.0,High,Urgent Re-engage: 20% discount coupon + highlight new arrivals
16025,Promising,29,1,439.65999999999997,439.65999999999997,29,,0.5541040301322937,1.0,High,Urgent Re-engage: 20% discount coupon + highlight new arrivals
15450,Promising,29,1,429.84,429.84,29,,0.5541040301322937,1.0,High,Urgent Re-engage: 20% discount coupon + highlight new arrivals
12638,Promising,32,2,921.49,460.745,639,606.0,0.5539690256118774,1.0,High,Urgent Re-engage: 20% discount coupon + highlight new arrivals
13607,Promising,39,2,1078.31,539.155,402,362.0,0.5539690256118774,1.0,High,Urgent Re-engage: 20% discount coupon + highlight new arrivals
14624,At Risk,56,6,814.07,135.67833333333334,604,108.8,0.5539646744728088,1.0,High,Recovery: Time-limited 30% win-back discount + feedback survey
12436,Lost Customers,99,1,509.01,509.01,99,,0.5534994006156921,1.0,High,Last Chance: Final win-back email + maximum discount
15417,Lost Customers,84,1,508.8,508.8,84,,0.5534994006156921,1.0,High,Last Chance: Final win-back email + maximum discount
16820,Lost Customers,95,1,497.61,497.61,95,,0.5534994006156921,1.0,High,Last Chance: Final win-back email + maximum discount
17053,Lost Customers,130,1,498.48,498.48,130,,0.5534994006156921,1.0,High,Last Chance: Final win-back email + maximum discount
14317,Promising,64,1,508.58,508.58,64,,0.5534994006156921,1.0,High,Urgent Re-engage: 20% discount coupon + highlight new arrivals
17415,Lost Customers,79,1,507.84,507.84,79,,0.5534994006156921,1.0,High,Last Chance: Final win-back email + maximum discount
15300,Promising,63,1,496.44,496.44,63,,0.5534994006156921,1.0,High,Urgent Re-engage: 20% discount coupon + highlight new arrivals
17333,Lost Customers,85,1,494.25,494.25,85,,0.5534994006156921,1.0,High,Last Chance: Final win-back email + maximum discount
15193,Promising,60,1,499.32,499.32,60,,0.5534994006156921,1.0,High,Urgent Re-engage: 20% discount coupon + highlight new arrivals
14157,Promising,19,5,1002.7800000000001,200.556,645,155.75,0.5532873272895813,1.0,High,Urgent Re-engage: 20% discount coupon + highlight new arrivals
16318,Promising,34,1,328.15000000000003,328.15000000000003,34,,0.5525321364402771,1.0,High,Urgent Re-engage: 20% discount coupon + highlight new arrivals
13787,At Risk,75,6,1222.5,203.75,694,123.4,0.5521591901779175,1.0,High,Recovery: Time-limited 30% win-back discount + feedback survey
15186,Promising,13,5,1403.2,280.64,696,170.25,0.5521401762962341,1.0,High,Urgent Re-engage: 20% discount coupon + highlight new arrivals
13606,Promising,28,3,280.53999999999996,93.51333333333332,311,141.0,0.5517950654029846,1.0,High,Urgent Re-engage: 20% discount coupon + highlight new arrivals
17650,Promising,20,1,166.07999999999998,166.07999999999998,20,,0.5517621040344238,1.0,High,Urgent Re-engage: 20% discount coupon + highlight new arrivals
14860,Promising,18,1,170.32,170.32,18,,0.5517621040344238,1.0,High,Urgent Re-engage: 20% discount coupon + highlight new arrivals
12618,Promising,21,1,177.31,177.31,21,,0.5517621040344238,1.0,High,Urgent Re-engage: 20% discount coupon + highlight new arrivals
17253,Promising,17,1,178.26,178.26,17,,0.5517621040344238,1.0,High,Urgent Re-engage: 20% discount coupon + highlight new arrivals
15900,Promising,23,4,900.4000000000001,225.10000000000002,562,179.0,0.5516820549964905,1.0,High,Urgent Re-engage: 20% discount coupon + highlight new arrivals
15269,Promising,23,3,1225.3600000000001,408.4533333333334,389,183.0,0.5516820549964905,1.0,High,Urgent Re-engage: 20% discount coupon + highlight new arrivals
14789,Promising,28,1,197.64,197.64,28,,0.5515878200531006,1.0,High,Urgent Re-engage: 20% discount coupon + highlight new arrivals
12617,Promising,28,1,355.53000000000003,355.53000000000003,28,,0.5515782237052917,1.0,High,Urgent Re-engage: 20% discount coupon + highlight new arrivals
12532,Promising,29,1,349.83000000000004,349.83000000000004,29,,0.5515782237052917,1.0,High,Urgent Re-engage: 20% discount coupon + highlight new arrivals
17052,Promising,27,1,413.75,413.75,27,,0.5515782237052917,1.0,High,Urgent Re-engage: 20% discount coupon + highlight new arrivals
15153,Promising,30,1,329.25,329.25,30,,0.5515782237052917,1.0,High,Urgent Re-engage: 20% discount coupon + highlight new arrivals
13046,Promising,30,3,949.25,316.4166666666667,455,212.5,0.5515621304512024,1.0,High,Urgent Re-engage: 20% discount coupon + highlight new arrivals
14212,At Risk,89,2,2190.1400000000003,1095.0700000000002,445,356.0,0.5515362024307251,1.0,High,Recovery: Time-limited 30% win-back discount + feedback survey
14863,Promising,28,1,266.76,266.76,28,,0.5514017343521118,1.0,High,Urgent Re-engage: 20% discount coupon + highlight new arrivals
14331,Lost Customers,123,2,462.66,231.33,134,10.0,0.5511848330497742,1.0,High,Last Chance: Final win-back email + maximum discount
13518,Lost Customers,85,1,659.44,659.44,85,,0.5507605671882629,1.0,High,Last Chance: Final win-back email + maximum discount
15010,Promising,35,1,308.94,308.94,35,,0.5506122708320618,1.0,High,Urgent Re-engage: 20% discount coupon + highlight new arrivals
16856,Promising,14,3,358.49,119.49666666666667,441,213.0,0.5505291223526001,1.0,High,Urgent Re-engage: 20% discount coupon + highlight new arrivals
14219,Promising,3,3,633.8299999999999,211.27666666666664,492,244.0,0.5504651665687561,1.0,High,Urgent Re-engage: 20% discount coupon + highlight new arrivals
14784,Promising,25,3,449.93,149.97666666666666,389,181.0,0.5503109693527222,1.0,High,Urgent Re-engage: 20% discount coupon + highlight new arrivals
17163,Promising,21,4,699.78,174.945,675,217.33333333333334,0.5502563118934631,1.0,High,Urgent Re-engage: 20% discount coupon + highlight new arrivals
